turn_id,utterance_id,youtube_id,source_url,title,category,priority,subtitle_path,video_path,audio_path,split_group_id,split_strategy,split,emotion_label,emotion_label_source,emotion_label_confidence,review_flag,review_reason,usable_for_phase2,turn_text,utterance_text,turn_start_time,turn_end_time,turn_duration_seconds,duration_seconds,turn_boundary_type,turn_confidence,turn_marker_count,turn_piece_count,turn_piece_ids,turn_source_utterance_ids,turn_source_utterance_count,source_video_path,source_audio_path,clip_video_path,clip_audio_path,clip_start_seconds,clip_end_seconds,clip_duration_seconds,clip_status,start_time,end_time,source_offset_seconds,source_offset_status,speaker_cluster_id,speaker_cluster_overlap_seconds,speaker_cluster_source,speaker_role,speaker_role_source,speaker_role_confidence,witness_in_segment,witness_speaking_status,visual_target_role,visual_speaker_match,role_mapping_notes,corpus_exclusion_status,corpus_exclusion_reason,witness_only,witness_only_reason,training_use_categories,training_use_reason,speaker_visible_during_speech,face_visible_ratio,visual_verification_confidence,visual_verification_source,visual_verification_status,raw_video_path,video_features_path,video_features_status,phase1_basic_emotion,phase1_basic_emotion_confidence,phase1_basic_emotion_entropy,phase1_basic_emotion_probabilities,phase1_basic_emotion_checkpoint,phase1_basic_emotion_source,phase1_basic_emotion_modalities,phase1_basic_emotion_requested_modalities,phase1_basic_emotion_model_config,review_selection_reason
DCBWoWhsTpA_turn05976,DCBWoWhsTpA_turn05976,DCBWoWhsTpA,https://www.youtube.com/live/DCBWoWhsTpA,LIVE: Lindsay Clancy trial Day 14,full_trial_stream,5,/Users/rajeshpmu/Desktop/LegalMemoCMT/data/phase2/clancy/corpus/raw/live-lindsay-clancy-trial-day-14/live-lindsay-clancy-trial-day-14_DCBWoWhsTpA.en.vtt,/Users/rajeshpmu/Desktop/LegalMemoCMT/data/processed/phase2/clancy/turn_clips/video/DCBWoWhsTpA/DCBWoWhsTpA_turn05976.mp4,/Users/rajeshpmu/Desktop/LegalMemoCMT/data/processed/phase2/clancy/turn_clips/audio/DCBWoWhsTpA/DCBWoWhsTpA_turn05976.wav,DCBWoWhsTpA,group_by_youtube_id,dev,neutral,text_keyword_heuristic,LOW,NO,neutral default,YES,"Uh if the watch was taken off, if the watch was turned off, uh","Uh if the watch was taken off, if the watch was turned off, uh",00:18:25.539,00:18:30.141,4.602,4.602,marker,MEDIUM,1,7,"DCBWoWhsTpA_utt00827#p02,DCBWoWhsTpA_utt00828#p01,DCBWoWhsTpA_utt00829#p01,DCBWoWhsTpA_utt00830#p01,DCBWoWhsTpA_utt00831#p01,DCBWoWhsTpA_utt00832#p01,DCBWoWhsTpA_utt00833#p01","DCBWoWhsTpA_utt00827,DCBWoWhsTpA_utt00828,DCBWoWhsTpA_utt00829,DCBWoWhsTpA_utt00830,DCBWoWhsTpA_utt00831,DCBWoWhsTpA_utt00832,DCBWoWhsTpA_utt00833",7,/Users/rajeshpmu/Desktop/LegalMemoCMT/data/phase2/clancy/corpus/raw/live-lindsay-clancy-trial-day-14/live-lindsay-clancy-trial-day-14_DCBWoWhsTpA.mp4,/Users/rajeshpmu/Desktop/LegalMemoCMT/data/phase2/clancy/corpus/raw/live-lindsay-clancy-trial-day-14/live-lindsay-clancy-trial-day-14_DCBWoWhsTpA.wav,/Users/rajeshpmu/Desktop/LegalMemoCMT/data/processed/phase2/clancy/turn_clips/video/DCBWoWhsTpA/DCBWoWhsTpA_turn05976.mp4,/Users/rajeshpmu/Desktop/LegalMemoCMT/data/processed/phase2/clancy/turn_clips/audio/DCBWoWhsTpA/DCBWoWhsTpA_turn05976.wav,1105.539,1110.141,4.602,created,00:18:25.539,00:18:30.141,0.0,default_zero,SPEAKER_18,2.369,pyannote/speaker-diarization-3.1,Witness,manual_verified_diarization,HIGH,YES,SPEAKING,Witness,YES,Witness 15 identified by manual audio/video review,INCLUDE,,YES,speaker_role=Witness,split_dev;usable,"usable because speaker_role=Witness, witness_speaking_status=SPEAKING, clip_status=created, duration=4.602s, and source is not excluded",YES,0.6,HIGH,manual_clip_review,HUMAN_VERIFIED,/Users/rajeshpmu/Desktop/LegalMemoCMT/data/processed/phase2/clancy/turn_clips/video/DCBWoWhsTpA/DCBWoWhsTpA_turn05976.mp4,/Users/rajeshpmu/Desktop/LegalMemoCMT/data/processed/phase2/clancy/vit_facecrop_embeddings/DCBWoWhsTpA/DCBWoWhsTpA_turn05976.npy,created,sadness,0.462815,1.249315,"{""anger"": 0.060867, ""disgust"": 0.009564, ""fear"": 0.025916, ""joy"": 0.063508, ""neutral"": 0.36889, ""sadness"": 0.462815, ""surprise"": 0.008439}",/Users/rajeshpmu/Desktop/LegalMemoCMT/results/facial_cues/meld_vit_facecrop_gated_video_aux/fold_4/best_model.pt,phase1_meld_checkpoint_pseudo_label,"audio,text,video","audio,text,video","{""audio_dim"": 128, ""audio_model_name"": ""facebook/hubert-base-ls960"", ""dropout"": 0.1, ""encoder_mode"": ""paper"", ""freeze_audio_backbone"": false, ""freeze_text_backbone"": false, ""fusion_dim"": 256, ""fusion_mode"": ""gated"", ""fusion_pooling"": ""min"", ""max_audio_len"": 256, ""max_text_len"": 128, ""max_video_len"": 32, ""num_classes"": 7, ""num_heads"": 4, ""num_layers"": 2, ""text_dim"": 256, ""text_model_name"": ""bert-base-uncased"", ""use_video"": true, ""video_dim"": 768, ""vocab_size"": 30000}",emotion=sadness
DCBWoWhsTpA_turn06158,DCBWoWhsTpA_turn06158,DCBWoWhsTpA,https://www.youtube.com/live/DCBWoWhsTpA,LIVE: Lindsay Clancy trial Day 14,full_trial_stream,5,/Users/rajeshpmu/Desktop/LegalMemoCMT/data/phase2/clancy/corpus/raw/live-lindsay-clancy-trial-day-14/live-lindsay-clancy-trial-day-14_DCBWoWhsTpA.en.vtt,/Users/rajeshpmu/Desktop/LegalMemoCMT/data/processed/phase2/clancy/turn_clips/video/DCBWoWhsTpA/DCBWoWhsTpA_turn06158.mp4,/Users/rajeshpmu/Desktop/LegalMemoCMT/data/processed/phase2/clancy/turn_clips/audio/DCBWoWhsTpA/DCBWoWhsTpA_turn06158.wav,DCBWoWhsTpA,group_by_youtube_id,dev,neutral,text_keyword_heuristic,LOW,NO,neutral default,YES,"Uh yes, not until um like the phone was seized by police, I believe.","Uh yes, not until um like the phone was seized by police, I believe.",00:56:32.769,00:56:39.021,6.252,6.252,marker,MEDIUM,1,5,"DCBWoWhsTpA_utt02409#p02,DCBWoWhsTpA_utt02410#p01,DCBWoWhsTpA_utt02411#p01,DCBWoWhsTpA_utt02412#p01,DCBWoWhsTpA_utt02413#p01","DCBWoWhsTpA_utt02409,DCBWoWhsTpA_utt02410,DCBWoWhsTpA_utt02411,DCBWoWhsTpA_utt02412,DCBWoWhsTpA_utt02413",5,/Users/rajeshpmu/Desktop/LegalMemoCMT/data/phase2/clancy/corpus/raw/live-lindsay-clancy-trial-day-14/live-lindsay-clancy-trial-day-14_DCBWoWhsTpA.mp4,/Users/rajeshpmu/Desktop/LegalMemoCMT/data/phase2/clancy/corpus/raw/live-lindsay-clancy-trial-day-14/live-lindsay-clancy-trial-day-14_DCBWoWhsTpA.wav,/Users/rajeshpmu/Desktop/LegalMemoCMT/data/processed/phase2/clancy/turn_clips/video/DCBWoWhsTpA/DCBWoWhsTpA_turn06158.mp4,/Users/rajeshpmu/Desktop/LegalMemoCMT/data/processed/phase2/clancy/turn_clips/audio/DCBWoWhsTpA/DCBWoWhsTpA_turn06158.wav,3392.769,3399.021,6.252,created,00:56:32.769,00:56:39.021,0.0,default_zero,SPEAKER_18,2.667,pyannote/speaker-diarization-3.1,Witness,manual_verified_diarization,HIGH,YES,SPEAKING,Witness,YES,Witness 15 identified by manual audio/video review,INCLUDE,,YES,speaker_role=Witness,split_dev;usable,"usable because speaker_role=Witness, witness_speaking_status=SPEAKING, clip_status=created, duration=6.252s, and source is not excluded",YES,0.6,HIGH,manual_clip_review,HUMAN_VERIFIED,/Users/rajeshpmu/Desktop/LegalMemoCMT/data/processed/phase2/clancy/turn_clips/video/DCBWoWhsTpA/DCBWoWhsTpA_turn06158.mp4,/Users/rajeshpmu/Desktop/LegalMemoCMT/data/processed/phase2/clancy/vit_facecrop_embeddings/DCBWoWhsTpA/DCBWoWhsTpA_turn06158.npy,created,sadness,0.563321,1.19059,"{""anger"": 0.052743, ""disgust"": 0.015107, ""fear"": 0.021651, ""joy"": 0.043544, ""neutral"": 0.285958, ""sadness"": 0.563321, ""surprise"": 0.017676}",/Users/rajeshpmu/Desktop/LegalMemoCMT/results/facial_cues/meld_vit_facecrop_gated_video_aux/fold_4/best_model.pt,phase1_meld_checkpoint_pseudo_label,"audio,text,video","audio,text,video","{""audio_dim"": 128, ""audio_model_name"": ""facebook/hubert-base-ls960"", ""dropout"": 0.1, ""encoder_mode"": ""paper"", ""freeze_audio_backbone"": false, ""freeze_text_backbone"": false, ""fusion_dim"": 256, ""fusion_mode"": ""gated"", ""fusion_pooling"": ""min"", ""max_audio_len"": 256, ""max_text_len"": 128, ""max_video_len"": 32, ""num_classes"": 7, ""num_heads"": 4, ""num_layers"": 2, ""text_dim"": 256, ""text_model_name"": ""bert-base-uncased"", ""use_video"": true, ""video_dim"": 768, ""vocab_size"": 30000}",emotion=sadness
DCBWoWhsTpA_turn06555,DCBWoWhsTpA_turn06555,DCBWoWhsTpA,https://www.youtube.com/live/DCBWoWhsTpA,LIVE: Lindsay Clancy trial Day 14,full_trial_stream,5,/Users/rajeshpmu/Desktop/LegalMemoCMT/data/phase2/clancy/corpus/raw/live-lindsay-clancy-trial-day-14/live-lindsay-clancy-trial-day-14_DCBWoWhsTpA.en.vtt,/Users/rajeshpmu/Desktop/LegalMemoCMT/data/processed/phase2/clancy/turn_clips/video/DCBWoWhsTpA/DCBWoWhsTpA_turn06555.mp4,/Users/rajeshpmu/Desktop/LegalMemoCMT/data/processed/phase2/clancy/turn_clips/audio/DCBWoWhsTpA/DCBWoWhsTpA_turn06555.wav,DCBWoWhsTpA,group_by_youtube_id,dev,neutral,text_keyword_heuristic,LOW,NO,neutral default,YES,"Um the beginning of December, it seemed like she very much decompensated. Um I do remember her saying at one point at the beginning of December, um something along the lines of I'm in a really tough spot. Um, and knowing what she had shared with me previously about um, how her mental health had been struggling, um, I had this gut feeling that something was off and that she was really struggling and I asked her if she was safe.","Um the beginning of December, it seemed like she very much decompensated. Um I do remember her saying at one point at the beginning of December, um something along the lines of I'm in a really tough spot. Um, and knowing what she had shared with me previously about um, how her mental health had been struggling, um, I had this gut feeling that something was off and that she was really struggling and I asked her if she was safe.",01:49:12.383,01:49:37.890,25.507,25.507,marker,MEDIUM,1,27,"DCBWoWhsTpA_utt04965#p02,DCBWoWhsTpA_utt04966#p01,DCBWoWhsTpA_utt04967#p01,DCBWoWhsTpA_utt04968#p01,DCBWoWhsTpA_utt04969#p01,DCBWoWhsTpA_utt04970#p01,DCBWoWhsTpA_utt04971#p01,DCBWoWhsTpA_utt04972#p01,DCBWoWhsTpA_utt04973#p01,DCBWoWhsTpA_utt04974#p01,DCBWoWhsTpA_utt04975#p01,DCBWoWhsTpA_utt04976#p01,DCBWoWhsTpA_utt04977#p01,DCBWoWhsTpA_utt04978#p01,DCBWoWhsTpA_utt04979#p01,DCBWoWhsTpA_utt04980#p01,DCBWoWhsTpA_utt04981#p01,DCBWoWhsTpA_utt04982#p01,DCBWoWhsTpA_utt04983#p01,DCBWoWhsTpA_utt04984#p01,DCBWoWhsTpA_utt04985#p01,DCBWoWhsTpA_utt04986#p01,DCBWoWhsTpA_utt04987#p01,DCBWoWhsTpA_utt04988#p01,DCBWoWhsTpA_utt04989#p01,DCBWoWhsTpA_utt04990#p01,DCBWoWhsTpA_utt04991#p01","DCBWoWhsTpA_utt04965,DCBWoWhsTpA_utt04966,DCBWoWhsTpA_utt04967,DCBWoWhsTpA_utt04968,DCBWoWhsTpA_utt04969,DCBWoWhsTpA_utt04970,DCBWoWhsTpA_utt04971,DCBWoWhsTpA_utt04972,DCBWoWhsTpA_utt04973,DCBWoWhsTpA_utt04974,DCBWoWhsTpA_utt04975,DCBWoWhsTpA_utt04976,DCBWoWhsTpA_utt04977,DCBWoWhsTpA_utt04978,DCBWoWhsTpA_utt04979,DCBWoWhsTpA_utt04980,DCBWoWhsTpA_utt04981,DCBWoWhsTpA_utt04982,DCBWoWhsTpA_utt04983,DCBWoWhsTpA_utt04984,DCBWoWhsTpA_utt04985,DCBWoWhsTpA_utt04986,DCBWoWhsTpA_utt04987,DCBWoWhsTpA_utt04988,DCBWoWhsTpA_utt04989,DCBWoWhsTpA_utt04990,DCBWoWhsTpA_utt04991",27,/Users/rajeshpmu/Desktop/LegalMemoCMT/data/phase2/clancy/corpus/raw/live-lindsay-clancy-trial-day-14/live-lindsay-clancy-trial-day-14_DCBWoWhsTpA.mp4,/Users/rajeshpmu/Desktop/LegalMemoCMT/data/phase2/clancy/corpus/raw/live-lindsay-clancy-trial-day-14/live-lindsay-clancy-trial-day-14_DCBWoWhsTpA.wav,/Users/rajeshpmu/Desktop/LegalMemoCMT/data/processed/phase2/clancy/turn_clips/video/DCBWoWhsTpA/DCBWoWhsTpA_turn06555.mp4,/Users/rajeshpmu/Desktop/LegalMemoCMT/data/processed/phase2/clancy/turn_clips/audio/DCBWoWhsTpA/DCBWoWhsTpA_turn06555.wav,6552.383,6577.89,25.507,created,01:49:12.383,01:49:37.890,0.0,default_zero,SPEAKER_07,20.132,pyannote/speaker-diarization-3.1,Witness,manual_verified_diarization,HIGH,YES,SPEAKING,Witness,YES,Witness 18 identified by manual audio/video review,INCLUDE,,YES,speaker_role=Witness,split_dev;usable,"usable because speaker_role=Witness, witness_speaking_status=SPEAKING, clip_status=created, duration=25.507s, and source is not excluded",YES,0.6,HIGH,manual_clip_review,HUMAN_VERIFIED,/Users/rajeshpmu/Desktop/LegalMemoCMT/data/processed/phase2/clancy/turn_clips/video/DCBWoWhsTpA/DCBWoWhsTpA_turn06555.mp4,/Users/rajeshpmu/Desktop/LegalMemoCMT/data/processed/phase2/clancy/vit_facecrop_embeddings/DCBWoWhsTpA/DCBWoWhsTpA_turn06555.npy,created,sadness,0.693905,0.967012,"{""anger"": 0.014857, ""disgust"": 0.00655, ""fear"": 0.184901, ""joy"": 0.017332, ""neutral"": 0.072778, ""sadness"": 0.693905, ""surprise"": 0.009677}",/Users/rajeshpmu/Desktop/LegalMemoCMT/results/facial_cues/meld_vit_facecrop_gated_video_aux/fold_4/best_model.pt,phase1_meld_checkpoint_pseudo_label,"audio,text,video","audio,text,video","{""audio_dim"": 128, ""audio_model_name"": ""facebook/hubert-base-ls960"", ""dropout"": 0.1, ""encoder_mode"": ""paper"", ""freeze_audio_backbone"": false, ""freeze_text_backbone"": false, ""fusion_dim"": 256, ""fusion_mode"": ""gated"", ""fusion_pooling"": ""min"", ""max_audio_len"": 256, ""max_text_len"": 128, ""max_video_len"": 32, ""num_classes"": 7, ""num_heads"": 4, ""num_layers"": 2, ""text_dim"": 256, ""text_model_name"": ""bert-base-uncased"", ""use_video"": true, ""video_dim"": 768, ""vocab_size"": 30000}",emotion=sadness
DCBWoWhsTpA_turn06580,DCBWoWhsTpA_turn06580,DCBWoWhsTpA,https://www.youtube.com/live/DCBWoWhsTpA,LIVE: Lindsay Clancy trial Day 14,full_trial_stream,5,/Users/rajeshpmu/Desktop/LegalMemoCMT/data/phase2/clancy/corpus/raw/live-lindsay-clancy-trial-day-14/live-lindsay-clancy-trial-day-14_DCBWoWhsTpA.en.vtt,/Users/rajeshpmu/Desktop/LegalMemoCMT/data/processed/phase2/clancy/turn_clips/video/DCBWoWhsTpA/DCBWoWhsTpA_turn06580.mp4,/Users/rajeshpmu/Desktop/LegalMemoCMT/data/processed/phase2/clancy/turn_clips/audio/DCBWoWhsTpA/DCBWoWhsTpA_turn06580.wav,DCBWoWhsTpA,group_by_youtube_id,dev,neutral,text_keyword_heuristic,LOW,NO,neutral default,YES,"And while she was at MLAN hospital, um, ultimately do you know how she got out of MLAN hospital? Uh it was my understanding that she was weaning off of some medication that she was on um and then was eventually discharged 5 days later.","And while she was at MLAN hospital, um, ultimately do you know how she got out of MLAN hospital? Uh it was my understanding that she was weaning off of some medication that she was on um and then was eventually discharged 5 days later.",01:52:08.322,01:52:27.080,18.758,18.758,marker,MEDIUM,1,15,"DCBWoWhsTpA_utt05139#p02,DCBWoWhsTpA_utt05140#p01,DCBWoWhsTpA_utt05141#p01,DCBWoWhsTpA_utt05142#p01,DCBWoWhsTpA_utt05143#p01,DCBWoWhsTpA_utt05144#p01,DCBWoWhsTpA_utt05145#p01,DCBWoWhsTpA_utt05146#p01,DCBWoWhsTpA_utt05147#p01,DCBWoWhsTpA_utt05148#p01,DCBWoWhsTpA_utt05149#p01,DCBWoWhsTpA_utt05150#p01,DCBWoWhsTpA_utt05151#p01,DCBWoWhsTpA_utt05152#p01,DCBWoWhsTpA_utt05153#p01","DCBWoWhsTpA_utt05139,DCBWoWhsTpA_utt05140,DCBWoWhsTpA_utt05141,DCBWoWhsTpA_utt05142,DCBWoWhsTpA_utt05143,DCBWoWhsTpA_utt05144,DCBWoWhsTpA_utt05145,DCBWoWhsTpA_utt05146,DCBWoWhsTpA_utt05147,DCBWoWhsTpA_utt05148,DCBWoWhsTpA_utt05149,DCBWoWhsTpA_utt05150,DCBWoWhsTpA_utt05151,DCBWoWhsTpA_utt05152,DCBWoWhsTpA_utt05153",15,/Users/rajeshpmu/Desktop/LegalMemoCMT/data/phase2/clancy/corpus/raw/live-lindsay-clancy-trial-day-14/live-lindsay-clancy-trial-day-14_DCBWoWhsTpA.mp4,/Users/rajeshpmu/Desktop/LegalMemoCMT/data/phase2/clancy/corpus/raw/live-lindsay-clancy-trial-day-14/live-lindsay-clancy-trial-day-14_DCBWoWhsTpA.wav,/Users/rajeshpmu/Desktop/LegalMemoCMT/data/processed/phase2/clancy/turn_clips/video/DCBWoWhsTpA/DCBWoWhsTpA_turn06580.mp4,/Users/rajeshpmu/Desktop/LegalMemoCMT/data/processed/phase2/clancy/turn_clips/audio/DCBWoWhsTpA/DCBWoWhsTpA_turn06580.wav,6728.322,6747.08,18.758,created,01:52:08.322,01:52:27.080,0.0,default_zero,SPEAKER_07,10.817,pyannote/speaker-diarization-3.1,Witness,manual_verified_diarization,HIGH,YES,SPEAKING,Witness,YES,Witness 18 identified by manual audio/video review,INCLUDE,,YES,speaker_role=Witness,split_dev;usable,"usable because speaker_role=Witness, witness_speaking_status=SPEAKING, clip_status=created, duration=18.758s, and source is not excluded",YES,0.6,HIGH,manual_clip_review,HUMAN_VERIFIED,/Users/rajeshpmu/Desktop/LegalMemoCMT/data/processed/phase2/clancy/turn_clips/video/DCBWoWhsTpA/DCBWoWhsTpA_turn06580.mp4,/Users/rajeshpmu/Desktop/LegalMemoCMT/data/processed/phase2/clancy/vit_facecrop_embeddings/DCBWoWhsTpA/DCBWoWhsTpA_turn06580.npy,created,sadness,0.517706,1.28298,"{""anger"": 0.03948, ""disgust"": 0.018506, ""fear"": 0.044462, ""joy"": 0.042123, ""neutral"": 0.30728, ""sadness"": 0.517706, ""surprise"": 0.030443}",/Users/rajeshpmu/Desktop/LegalMemoCMT/results/facial_cues/meld_vit_facecrop_gated_video_aux/fold_4/best_model.pt,phase1_meld_checkpoint_pseudo_label,"audio,text,video","audio,text,video","{""audio_dim"": 128, ""audio_model_name"": ""facebook/hubert-base-ls960"", ""dropout"": 0.1, ""encoder_mode"": ""paper"", ""freeze_audio_backbone"": false, ""freeze_text_backbone"": false, ""fusion_dim"": 256, ""fusion_mode"": ""gated"", ""fusion_pooling"": ""min"", ""max_audio_len"": 256, ""max_text_len"": 128, ""max_video_len"": 32, ""num_classes"": 7, ""num_heads"": 4, ""num_layers"": 2, ""text_dim"": 256, ""text_model_name"": ""bert-base-uncased"", ""use_video"": true, ""video_dim"": 768, ""vocab_size"": 30000}",emotion=sadness
DCBWoWhsTpA_turn06599,DCBWoWhsTpA_turn06599,DCBWoWhsTpA,https://www.youtube.com/live/DCBWoWhsTpA,LIVE: Lindsay Clancy trial Day 14,full_trial_stream,5,/Users/rajeshpmu/Desktop/LegalMemoCMT/data/phase2/clancy/corpus/raw/live-lindsay-clancy-trial-day-14/live-lindsay-clancy-trial-day-14_DCBWoWhsTpA.en.vtt,/Users/rajeshpmu/Desktop/LegalMemoCMT/data/processed/phase2/clancy/turn_clips/video/DCBWoWhsTpA/DCBWoWhsTpA_turn06599.mp4,/Users/rajeshpmu/Desktop/LegalMemoCMT/data/processed/phase2/clancy/turn_clips/audio/DCBWoWhsTpA/DCBWoWhsTpA_turn06599.wav,DCBWoWhsTpA,group_by_youtube_id,dev,neutral,text_keyword_heuristic,LOW,NO,neutral default,YES,"How did she appear at that? I think she looked like she was going through the motions of putting together a birthday party for her daughter. Um, but she looked tired. She looked like she was still struggling.","How did she appear at that? I think she looked like she was going through the motions of putting together a birthday party for her daughter. Um, but she looked tired. She looked like she was still struggling.",01:53:58.810,01:54:15.210,16.4,16.4,marker,MEDIUM,1,11,"DCBWoWhsTpA_utt05253#p02,DCBWoWhsTpA_utt05256#p01,DCBWoWhsTpA_utt05257#p01,DCBWoWhsTpA_utt05258#p01,DCBWoWhsTpA_utt05259#p01,DCBWoWhsTpA_utt05260#p01,DCBWoWhsTpA_utt05261#p01,DCBWoWhsTpA_utt05262#p01,DCBWoWhsTpA_utt05263#p01,DCBWoWhsTpA_utt05264#p01,DCBWoWhsTpA_utt05265#p01","DCBWoWhsTpA_utt05253,DCBWoWhsTpA_utt05256,DCBWoWhsTpA_utt05257,DCBWoWhsTpA_utt05258,DCBWoWhsTpA_utt05259,DCBWoWhsTpA_utt05260,DCBWoWhsTpA_utt05261,DCBWoWhsTpA_utt05262,DCBWoWhsTpA_utt05263,DCBWoWhsTpA_utt05264,DCBWoWhsTpA_utt05265",11,/Users/rajeshpmu/Desktop/LegalMemoCMT/data/phase2/clancy/corpus/raw/live-lindsay-clancy-trial-day-14/live-lindsay-clancy-trial-day-14_DCBWoWhsTpA.mp4,/Users/rajeshpmu/Desktop/LegalMemoCMT/data/phase2/clancy/corpus/raw/live-lindsay-clancy-trial-day-14/live-lindsay-clancy-trial-day-14_DCBWoWhsTpA.wav,/Users/rajeshpmu/Desktop/LegalMemoCMT/data/processed/phase2/clancy/turn_clips/video/DCBWoWhsTpA/DCBWoWhsTpA_turn06599.mp4,/Users/rajeshpmu/Desktop/LegalMemoCMT/data/processed/phase2/clancy/turn_clips/audio/DCBWoWhsTpA/DCBWoWhsTpA_turn06599.wav,6838.81,6855.21,16.4,created,01:53:58.810,01:54:15.210,0.0,default_zero,SPEAKER_07,6.514,pyannote/speaker-diarization-3.1,Witness,manual_verified_diarization,HIGH,YES,SPEAKING,Witness,YES,Witness 18 identified by manual audio/video review,INCLUDE,,YES,speaker_role=Witness,split_dev;usable,"usable because speaker_role=Witness, witness_speaking_status=SPEAKING, clip_status=created, duration=16.400s, and source is not excluded",YES,0.6,HIGH,manual_clip_review,HUMAN_VERIFIED,/Users/rajeshpmu/Desktop/LegalMemoCMT/data/processed/phase2/clancy/turn_clips/video/DCBWoWhsTpA/DCBWoWhsTpA_turn06599.mp4,/Users/rajeshpmu/Desktop/LegalMemoCMT/data/processed/phase2/clancy/vit_facecrop_embeddings/DCBWoWhsTpA/DCBWoWhsTpA_turn06599.npy,created,sadness,0.348702,1.595495,"{""anger"": 0.047835, ""disgust"": 0.09047, ""fear"": 0.079572, ""joy"": 0.045436, ""neutral"": 0.334214, ""sadness"": 0.348702, ""surprise"": 0.053771}",/Users/rajeshpmu/Desktop/LegalMemoCMT/results/facial_cues/meld_vit_facecrop_gated_video_aux/fold_4/best_model.pt,phase1_meld_checkpoint_pseudo_label,"audio,text,video","audio,text,video","{""audio_dim"": 128, ""audio_model_name"": ""facebook/hubert-base-ls960"", ""dropout"": 0.1, ""encoder_mode"": ""paper"", ""freeze_audio_backbone"": false, ""freeze_text_backbone"": false, ""fusion_dim"": 256, ""fusion_mode"": ""gated"", ""fusion_pooling"": ""min"", ""max_audio_len"": 256, ""max_text_len"": 128, ""max_video_len"": 32, ""num_classes"": 7, ""num_heads"": 4, ""num_layers"": 2, ""text_dim"": 256, ""text_model_name"": ""bert-base-uncased"", ""use_video"": true, ""video_dim"": 768, ""vocab_size"": 30000}",emotion=sadness
DCBWoWhsTpA_turn06713,DCBWoWhsTpA_turn06713,DCBWoWhsTpA,https://www.youtube.com/live/DCBWoWhsTpA,LIVE: Lindsay Clancy trial Day 14,full_trial_stream,5,/Users/rajeshpmu/Desktop/LegalMemoCMT/data/phase2/clancy/corpus/raw/live-lindsay-clancy-trial-day-14/live-lindsay-clancy-trial-day-14_DCBWoWhsTpA.en.vtt,/Users/rajeshpmu/Desktop/LegalMemoCMT/data/processed/phase2/clancy/turn_clips/video/DCBWoWhsTpA/DCBWoWhsTpA_turn06713.mp4,/Users/rajeshpmu/Desktop/LegalMemoCMT/data/processed/phase2/clancy/turn_clips/audio/DCBWoWhsTpA/DCBWoWhsTpA_turn06713.wav,DCBWoWhsTpA,group_by_youtube_id,dev,neutral,text_keyword_heuristic,LOW,NO,neutral default,YES,"I noticed that she was had become very anxious. She was uh she told me she was anxious about going back to work because Ken was having trouble taking a bottle and she didn't feel right about leaving him. And as a result of that, did she tell you that she was going to put off going back to work? [snorts]","I noticed that she was had become very anxious. She was uh she told me she was anxious about going back to work because Ken was having trouble taking a bottle and she didn't feel right about leaving him. And as a result of that, did she tell you that she was going to put off going back to work? [snorts]",02:04:23.651,02:04:45.911,22.26,22.26,marker,MEDIUM,1,19,"DCBWoWhsTpA_utt05801#p02,DCBWoWhsTpA_utt05802#p01,DCBWoWhsTpA_utt05803#p01,DCBWoWhsTpA_utt05804#p01,DCBWoWhsTpA_utt05805#p01,DCBWoWhsTpA_utt05806#p01,DCBWoWhsTpA_utt05807#p01,DCBWoWhsTpA_utt05808#p01,DCBWoWhsTpA_utt05809#p01,DCBWoWhsTpA_utt05810#p01,DCBWoWhsTpA_utt05811#p01,DCBWoWhsTpA_utt05812#p01,DCBWoWhsTpA_utt05813#p01,DCBWoWhsTpA_utt05814#p01,DCBWoWhsTpA_utt05815#p01,DCBWoWhsTpA_utt05816#p01,DCBWoWhsTpA_utt05817#p01,DCBWoWhsTpA_utt05818#p01,DCBWoWhsTpA_utt05819#p01","DCBWoWhsTpA_utt05801,DCBWoWhsTpA_utt05802,DCBWoWhsTpA_utt05803,DCBWoWhsTpA_utt05804,DCBWoWhsTpA_utt05805,DCBWoWhsTpA_utt05806,DCBWoWhsTpA_utt05807,DCBWoWhsTpA_utt05808,DCBWoWhsTpA_utt05809,DCBWoWhsTpA_utt05810,DCBWoWhsTpA_utt05811,DCBWoWhsTpA_utt05812,DCBWoWhsTpA_utt05813,DCBWoWhsTpA_utt05814,DCBWoWhsTpA_utt05815,DCBWoWhsTpA_utt05816,DCBWoWhsTpA_utt05817,DCBWoWhsTpA_utt05818,DCBWoWhsTpA_utt05819",19,/Users/rajeshpmu/Desktop/LegalMemoCMT/data/phase2/clancy/corpus/raw/live-lindsay-clancy-trial-day-14/live-lindsay-clancy-trial-day-14_DCBWoWhsTpA.mp4,/Users/rajeshpmu/Desktop/LegalMemoCMT/data/phase2/clancy/corpus/raw/live-lindsay-clancy-trial-day-14/live-lindsay-clancy-trial-day-14_DCBWoWhsTpA.wav,/Users/rajeshpmu/Desktop/LegalMemoCMT/data/processed/phase2/clancy/turn_clips/video/DCBWoWhsTpA/DCBWoWhsTpA_turn06713.mp4,/Users/rajeshpmu/Desktop/LegalMemoCMT/data/processed/phase2/clancy/turn_clips/audio/DCBWoWhsTpA/DCBWoWhsTpA_turn06713.wav,7463.651,7485.911,22.26,created,02:04:23.651,02:04:45.911,0.0,default_zero,SPEAKER_02,8.326,pyannote/speaker-diarization-3.1,Witness,manual_verified_diarization,HIGH,YES,SPEAKING,Witness,YES,Witness 16 identified by manual audio/video review,INCLUDE,,YES,speaker_role=Witness,split_dev;usable,"usable because speaker_role=Witness, witness_speaking_status=SPEAKING, clip_status=created, duration=22.260s, and source is not excluded",YES,0.6,HIGH,manual_clip_review,HUMAN_VERIFIED,/Users/rajeshpmu/Desktop/LegalMemoCMT/data/processed/phase2/clancy/turn_clips/video/DCBWoWhsTpA/DCBWoWhsTpA_turn06713.mp4,/Users/rajeshpmu/Desktop/LegalMemoCMT/data/processed/phase2/clancy/vit_facecrop_embeddings/DCBWoWhsTpA/DCBWoWhsTpA_turn06713.npy,created,sadness,0.346581,1.61204,"{""anger"": 0.035786, ""disgust"": 0.036112, ""fear"": 0.08523, ""joy"": 0.095046, ""neutral"": 0.317362, ""sadness"": 0.346581, ""surprise"": 0.083883}",/Users/rajeshpmu/Desktop/LegalMemoCMT/results/facial_cues/meld_vit_facecrop_gated_video_aux/fold_4/best_model.pt,phase1_meld_checkpoint_pseudo_label,"audio,text,video","audio,text,video","{""audio_dim"": 128, ""audio_model_name"": ""facebook/hubert-base-ls960"", ""dropout"": 0.1, ""encoder_mode"": ""paper"", ""freeze_audio_backbone"": false, ""freeze_text_backbone"": false, ""fusion_dim"": 256, ""fusion_mode"": ""gated"", ""fusion_pooling"": ""min"", ""max_audio_len"": 256, ""max_text_len"": 128, ""max_video_len"": 32, ""num_classes"": 7, ""num_heads"": 4, ""num_layers"": 2, ""text_dim"": 256, ""text_model_name"": ""bert-base-uncased"", ""use_video"": true, ""video_dim"": 768, ""vocab_size"": 30000}",emotion=sadness
DCBWoWhsTpA_turn06736,DCBWoWhsTpA_turn06736,DCBWoWhsTpA,https://www.youtube.com/live/DCBWoWhsTpA,LIVE: Lindsay Clancy trial Day 14,full_trial_stream,5,/Users/rajeshpmu/Desktop/LegalMemoCMT/data/phase2/clancy/corpus/raw/live-lindsay-clancy-trial-day-14/live-lindsay-clancy-trial-day-14_DCBWoWhsTpA.en.vtt,/Users/rajeshpmu/Desktop/LegalMemoCMT/data/processed/phase2/clancy/turn_clips/video/DCBWoWhsTpA/DCBWoWhsTpA_turn06736.mp4,/Users/rajeshpmu/Desktop/LegalMemoCMT/data/processed/phase2/clancy/turn_clips/audio/DCBWoWhsTpA/DCBWoWhsTpA_turn06736.wav,DCBWoWhsTpA,group_by_youtube_id,dev,neutral,text_keyword_heuristic,LOW,NO,neutral default,YES,"Mom, will you please come up and stay with me for a bit? I'm really sick. Something is wrong. I had horrible insomnia all night, and I just don't know how I'm going to get through the day. I started taking the medicine my doctor prescribed for anxiety, and I think it's made things worse. It's just really scary, and I don't want to be alone. Sorry about this","Mom, will you please come up and stay with me for a bit? I'm really sick. Something is wrong. I had horrible insomnia all night, and I just don't know how I'm going to get through the day. I started taking the medicine my doctor prescribed for anxiety, and I think it's made things worse. It's just really scary, and I don't want to be alone. Sorry about this",02:06:58.746,02:07:28.036,29.29,29.29,marker,MEDIUM,1,21,"DCBWoWhsTpA_utt05921#p02,DCBWoWhsTpA_utt05922#p01,DCBWoWhsTpA_utt05923#p01,DCBWoWhsTpA_utt05924#p01,DCBWoWhsTpA_utt05925#p01,DCBWoWhsTpA_utt05926#p01,DCBWoWhsTpA_utt05927#p01,DCBWoWhsTpA_utt05928#p01,DCBWoWhsTpA_utt05929#p01,DCBWoWhsTpA_utt05930#p01,DCBWoWhsTpA_utt05931#p01,DCBWoWhsTpA_utt05932#p01,DCBWoWhsTpA_utt05933#p01,DCBWoWhsTpA_utt05934#p01,DCBWoWhsTpA_utt05935#p01,DCBWoWhsTpA_utt05936#p01,DCBWoWhsTpA_utt05937#p01,DCBWoWhsTpA_utt05938#p01,DCBWoWhsTpA_utt05939#p01,DCBWoWhsTpA_utt05942#p01,DCBWoWhsTpA_utt05943#p01","DCBWoWhsTpA_utt05921,DCBWoWhsTpA_utt05922,DCBWoWhsTpA_utt05923,DCBWoWhsTpA_utt05924,DCBWoWhsTpA_utt05925,DCBWoWhsTpA_utt05926,DCBWoWhsTpA_utt05927,DCBWoWhsTpA_utt05928,DCBWoWhsTpA_utt05929,DCBWoWhsTpA_utt05930,DCBWoWhsTpA_utt05931,DCBWoWhsTpA_utt05932,DCBWoWhsTpA_utt05933,DCBWoWhsTpA_utt05934,DCBWoWhsTpA_utt05935,DCBWoWhsTpA_utt05936,DCBWoWhsTpA_utt05937,DCBWoWhsTpA_utt05938,DCBWoWhsTpA_utt05939,DCBWoWhsTpA_utt05942,DCBWoWhsTpA_utt05943",21,/Users/rajeshpmu/Desktop/LegalMemoCMT/data/phase2/clancy/corpus/raw/live-lindsay-clancy-trial-day-14/live-lindsay-clancy-trial-day-14_DCBWoWhsTpA.mp4,/Users/rajeshpmu/Desktop/LegalMemoCMT/data/phase2/clancy/corpus/raw/live-lindsay-clancy-trial-day-14/live-lindsay-clancy-trial-day-14_DCBWoWhsTpA.wav,/Users/rajeshpmu/Desktop/LegalMemoCMT/data/processed/phase2/clancy/turn_clips/video/DCBWoWhsTpA/DCBWoWhsTpA_turn06736.mp4,/Users/rajeshpmu/Desktop/LegalMemoCMT/data/processed/phase2/clancy/turn_clips/audio/DCBWoWhsTpA/DCBWoWhsTpA_turn06736.wav,7618.746,7648.036,29.29,created,02:06:58.746,02:07:28.036,0.0,default_zero,SPEAKER_02,3.915,pyannote/speaker-diarization-3.1,Witness,manual_verified_diarization,HIGH,YES,SPEAKING,Witness,YES,Witness 16 identified by manual audio/video review,INCLUDE,,YES,speaker_role=Witness,split_dev;usable,"usable because speaker_role=Witness, witness_speaking_status=SPEAKING, clip_status=created, duration=29.290s, and source is not excluded",YES,0.6,HIGH,manual_clip_review,HUMAN_VERIFIED,/Users/rajeshpmu/Desktop/LegalMemoCMT/data/processed/phase2/clancy/turn_clips/video/DCBWoWhsTpA/DCBWoWhsTpA_turn06736.mp4,/Users/rajeshpmu/Desktop/LegalMemoCMT/data/processed/phase2/clancy/vit_facecrop_embeddings/DCBWoWhsTpA/DCBWoWhsTpA_turn06736.npy,created,sadness,0.84068,0.582825,"{""anger"": 0.007422, ""disgust"": 0.003295, ""fear"": 0.122228, ""joy"": 0.009604, ""neutral"": 0.008479, ""sadness"": 0.84068, ""surprise"": 0.008291}",/Users/rajeshpmu/Desktop/LegalMemoCMT/results/facial_cues/meld_vit_facecrop_gated_video_aux/fold_4/best_model.pt,phase1_meld_checkpoint_pseudo_label,"audio,text,video","audio,text,video","{""audio_dim"": 128, ""audio_model_name"": ""facebook/hubert-base-ls960"", ""dropout"": 0.1, ""encoder_mode"": ""paper"", ""freeze_audio_backbone"": false, ""freeze_text_backbone"": false, ""fusion_dim"": 256, ""fusion_mode"": ""gated"", ""fusion_pooling"": ""min"", ""max_audio_len"": 256, ""max_text_len"": 128, ""max_video_len"": 32, ""num_classes"": 7, ""num_heads"": 4, ""num_layers"": 2, ""text_dim"": 256, ""text_model_name"": ""bert-base-uncased"", ""use_video"": true, ""video_dim"": 768, ""vocab_size"": 30000}",emotion=sadness
DCBWoWhsTpA_turn06752,DCBWoWhsTpA_turn06752,DCBWoWhsTpA,https://www.youtube.com/live/DCBWoWhsTpA,LIVE: Lindsay Clancy trial Day 14,full_trial_stream,5,/Users/rajeshpmu/Desktop/LegalMemoCMT/data/phase2/clancy/corpus/raw/live-lindsay-clancy-trial-day-14/live-lindsay-clancy-trial-day-14_DCBWoWhsTpA.en.vtt,/Users/rajeshpmu/Desktop/LegalMemoCMT/data/processed/phase2/clancy/turn_clips/video/DCBWoWhsTpA/DCBWoWhsTpA_turn06752.mp4,/Users/rajeshpmu/Desktop/LegalMemoCMT/data/processed/phase2/clancy/turn_clips/audio/DCBWoWhsTpA/DCBWoWhsTpA_turn06752.wav,DCBWoWhsTpA,group_by_youtube_id,dev,neutral,text_keyword_heuristic,LOW,NO,neutral default,YES,"Lindsay had been I believe she went to the emergency room that day and she had come home. She was feeling a bit better. Um, she told me that she couldn't sleep, she was very anxious, and she was afraid.","Lindsay had been I believe she went to the emergency room that day and she had come home. She was feeling a bit better. Um, she told me that she couldn't sleep, she was very anxious, and she was afraid.",02:08:34.481,02:08:51.221,16.74,16.74,marker,MEDIUM,1,13,"DCBWoWhsTpA_utt06001#p02,DCBWoWhsTpA_utt06002#p01,DCBWoWhsTpA_utt06003#p01,DCBWoWhsTpA_utt06004#p01,DCBWoWhsTpA_utt06005#p01,DCBWoWhsTpA_utt06006#p01,DCBWoWhsTpA_utt06007#p01,DCBWoWhsTpA_utt06008#p01,DCBWoWhsTpA_utt06009#p01,DCBWoWhsTpA_utt06010#p01,DCBWoWhsTpA_utt06011#p01,DCBWoWhsTpA_utt06012#p01,DCBWoWhsTpA_utt06013#p01","DCBWoWhsTpA_utt06001,DCBWoWhsTpA_utt06002,DCBWoWhsTpA_utt06003,DCBWoWhsTpA_utt06004,DCBWoWhsTpA_utt06005,DCBWoWhsTpA_utt06006,DCBWoWhsTpA_utt06007,DCBWoWhsTpA_utt06008,DCBWoWhsTpA_utt06009,DCBWoWhsTpA_utt06010,DCBWoWhsTpA_utt06011,DCBWoWhsTpA_utt06012,DCBWoWhsTpA_utt06013",13,/Users/rajeshpmu/Desktop/LegalMemoCMT/data/phase2/clancy/corpus/raw/live-lindsay-clancy-trial-day-14/live-lindsay-clancy-trial-day-14_DCBWoWhsTpA.mp4,/Users/rajeshpmu/Desktop/LegalMemoCMT/data/phase2/clancy/corpus/raw/live-lindsay-clancy-trial-day-14/live-lindsay-clancy-trial-day-14_DCBWoWhsTpA.wav,/Users/rajeshpmu/Desktop/LegalMemoCMT/data/processed/phase2/clancy/turn_clips/video/DCBWoWhsTpA/DCBWoWhsTpA_turn06752.mp4,/Users/rajeshpmu/Desktop/LegalMemoCMT/data/processed/phase2/clancy/turn_clips/audio/DCBWoWhsTpA/DCBWoWhsTpA_turn06752.wav,7714.481,7731.221,16.74,created,02:08:34.481,02:08:51.221,0.0,default_zero,SPEAKER_02,7.78,pyannote/speaker-diarization-3.1,Witness,manual_verified_diarization,HIGH,YES,SPEAKING,Witness,YES,Witness 16 identified by manual audio/video review,INCLUDE,,YES,speaker_role=Witness,split_dev;usable,"usable because speaker_role=Witness, witness_speaking_status=SPEAKING, clip_status=created, duration=16.740s, and source is not excluded",YES,0.6,HIGH,manual_clip_review,HUMAN_VERIFIED,/Users/rajeshpmu/Desktop/LegalMemoCMT/data/processed/phase2/clancy/turn_clips/video/DCBWoWhsTpA/DCBWoWhsTpA_turn06752.mp4,/Users/rajeshpmu/Desktop/LegalMemoCMT/data/processed/phase2/clancy/vit_facecrop_embeddings/DCBWoWhsTpA/DCBWoWhsTpA_turn06752.npy,created,sadness,0.879469,0.552967,"{""anger"": 0.018726, ""disgust"": 0.010452, ""fear"": 0.025587, ""joy"": 0.008948, ""neutral"": 0.050935, ""sadness"": 0.879469, ""surprise"": 0.005883}",/Users/rajeshpmu/Desktop/LegalMemoCMT/results/facial_cues/meld_vit_facecrop_gated_video_aux/fold_4/best_model.pt,phase1_meld_checkpoint_pseudo_label,"audio,text,video","audio,text,video","{""audio_dim"": 128, ""audio_model_name"": ""facebook/hubert-base-ls960"", ""dropout"": 0.1, ""encoder_mode"": ""paper"", ""freeze_audio_backbone"": false, ""freeze_text_backbone"": false, ""fusion_dim"": 256, ""fusion_mode"": ""gated"", ""fusion_pooling"": ""min"", ""max_audio_len"": 256, ""max_text_len"": 128, ""max_video_len"": 32, ""num_classes"": 7, ""num_heads"": 4, ""num_layers"": 2, ""text_dim"": 256, ""text_model_name"": ""bert-base-uncased"", ""use_video"": true, ""video_dim"": 768, ""vocab_size"": 30000}",emotion=sadness
DCBWoWhsTpA_turn06777,DCBWoWhsTpA_turn06777,DCBWoWhsTpA,https://www.youtube.com/live/DCBWoWhsTpA,LIVE: Lindsay Clancy trial Day 14,full_trial_stream,5,/Users/rajeshpmu/Desktop/LegalMemoCMT/data/phase2/clancy/corpus/raw/live-lindsay-clancy-trial-day-14/live-lindsay-clancy-trial-day-14_DCBWoWhsTpA.en.vtt,/Users/rajeshpmu/Desktop/LegalMemoCMT/data/processed/phase2/clancy/turn_clips/video/DCBWoWhsTpA/DCBWoWhsTpA_turn06777.mp4,/Users/rajeshpmu/Desktop/LegalMemoCMT/data/processed/phase2/clancy/turn_clips/audio/DCBWoWhsTpA/DCBWoWhsTpA_turn06777.wav,DCBWoWhsTpA,group_by_youtube_id,dev,neutral,text_keyword_heuristic,LOW,NO,neutral default,YES,So tell us uh is there an incident that came to your mind that you recall that uh occurred on one evening that indicated to you how seriously she was suffering? Um there were many um one particular evening that was disturbing to me was that I mean she was afraid. She was afraid to be alone and she actually asked if she could sleep with me.,So tell us uh is there an incident that came to your mind that you recall that uh occurred on one evening that indicated to you how seriously she was suffering? Um there were many um one particular evening that was disturbing to me was that I mean she was afraid. She was afraid to be alone and she actually asked if she could sleep with me.,02:10:13.175,02:10:42.699,29.524,29.524,marker,MEDIUM,1,23,"DCBWoWhsTpA_utt06107#p02,DCBWoWhsTpA_utt06108#p01,DCBWoWhsTpA_utt06109#p01,DCBWoWhsTpA_utt06110#p01,DCBWoWhsTpA_utt06111#p01,DCBWoWhsTpA_utt06112#p01,DCBWoWhsTpA_utt06113#p01,DCBWoWhsTpA_utt06114#p01,DCBWoWhsTpA_utt06115#p01,DCBWoWhsTpA_utt06116#p01,DCBWoWhsTpA_utt06117#p01,DCBWoWhsTpA_utt06118#p01,DCBWoWhsTpA_utt06119#p01,DCBWoWhsTpA_utt06120#p01,DCBWoWhsTpA_utt06121#p01,DCBWoWhsTpA_utt06122#p01,DCBWoWhsTpA_utt06123#p01,DCBWoWhsTpA_utt06124#p01,DCBWoWhsTpA_utt06125#p01,DCBWoWhsTpA_utt06126#p01,DCBWoWhsTpA_utt06127#p01,DCBWoWhsTpA_utt06128#p01,DCBWoWhsTpA_utt06129#p01","DCBWoWhsTpA_utt06107,DCBWoWhsTpA_utt06108,DCBWoWhsTpA_utt06109,DCBWoWhsTpA_utt06110,DCBWoWhsTpA_utt06111,DCBWoWhsTpA_utt06112,DCBWoWhsTpA_utt06113,DCBWoWhsTpA_utt06114,DCBWoWhsTpA_utt06115,DCBWoWhsTpA_utt06116,DCBWoWhsTpA_utt06117,DCBWoWhsTpA_utt06118,DCBWoWhsTpA_utt06119,DCBWoWhsTpA_utt06120,DCBWoWhsTpA_utt06121,DCBWoWhsTpA_utt06122,DCBWoWhsTpA_utt06123,DCBWoWhsTpA_utt06124,DCBWoWhsTpA_utt06125,DCBWoWhsTpA_utt06126,DCBWoWhsTpA_utt06127,DCBWoWhsTpA_utt06128,DCBWoWhsTpA_utt06129",23,/Users/rajeshpmu/Desktop/LegalMemoCMT/data/phase2/clancy/corpus/raw/live-lindsay-clancy-trial-day-14/live-lindsay-clancy-trial-day-14_DCBWoWhsTpA.mp4,/Users/rajeshpmu/Desktop/LegalMemoCMT/data/phase2/clancy/corpus/raw/live-lindsay-clancy-trial-day-14/live-lindsay-clancy-trial-day-14_DCBWoWhsTpA.wav,/Users/rajeshpmu/Desktop/LegalMemoCMT/data/processed/phase2/clancy/turn_clips/video/DCBWoWhsTpA/DCBWoWhsTpA_turn06777.mp4,/Users/rajeshpmu/Desktop/LegalMemoCMT/data/processed/phase2/clancy/turn_clips/audio/DCBWoWhsTpA/DCBWoWhsTpA_turn06777.wav,7813.175,7842.699,29.524,created,02:10:13.175,02:10:42.699,0.0,default_zero,SPEAKER_02,7.003,pyannote/speaker-diarization-3.1,Witness,manual_verified_diarization,HIGH,YES,SPEAKING,Witness,YES,Witness 16 identified by manual audio/video review,INCLUDE,,YES,speaker_role=Witness,split_dev;usable,"usable because speaker_role=Witness, witness_speaking_status=SPEAKING, clip_status=created, duration=29.524s, and source is not excluded",YES,0.6,HIGH,manual_clip_review,HUMAN_VERIFIED,/Users/rajeshpmu/Desktop/LegalMemoCMT/data/processed/phase2/clancy/turn_clips/video/DCBWoWhsTpA/DCBWoWhsTpA_turn06777.mp4,/Users/rajeshpmu/Desktop/LegalMemoCMT/data/processed/phase2/clancy/vit_facecrop_embeddings/DCBWoWhsTpA/DCBWoWhsTpA_turn06777.npy,created,sadness,0.498784,1.411781,"{""anger"": 0.021852, ""disgust"": 0.024939, ""fear"": 0.034389, ""joy"": 0.053912, ""neutral"": 0.150676, ""sadness"": 0.498784, ""surprise"": 0.215449}",/Users/rajeshpmu/Desktop/LegalMemoCMT/results/facial_cues/meld_vit_facecrop_gated_video_aux/fold_4/best_model.pt,phase1_meld_checkpoint_pseudo_label,"audio,text,video","audio,text,video","{""audio_dim"": 128, ""audio_model_name"": ""facebook/hubert-base-ls960"", ""dropout"": 0.1, ""encoder_mode"": ""paper"", ""freeze_audio_backbone"": false, ""freeze_text_backbone"": false, ""fusion_dim"": 256, ""fusion_mode"": ""gated"", ""fusion_pooling"": ""min"", ""max_audio_len"": 256, ""max_text_len"": 128, ""max_video_len"": 32, ""num_classes"": 7, ""num_heads"": 4, ""num_layers"": 2, ""text_dim"": 256, ""text_model_name"": ""bert-base-uncased"", ""use_video"": true, ""video_dim"": 768, ""vocab_size"": 30000}",emotion=sadness
DCBWoWhsTpA_turn06801,DCBWoWhsTpA_turn06801,DCBWoWhsTpA,https://www.youtube.com/live/DCBWoWhsTpA,LIVE: Lindsay Clancy trial Day 14,full_trial_stream,5,/Users/rajeshpmu/Desktop/LegalMemoCMT/data/phase2/clancy/corpus/raw/live-lindsay-clancy-trial-day-14/live-lindsay-clancy-trial-day-14_DCBWoWhsTpA.en.vtt,/Users/rajeshpmu/Desktop/LegalMemoCMT/data/processed/phase2/clancy/turn_clips/video/DCBWoWhsTpA/DCBWoWhsTpA_turn06801.mp4,/Users/rajeshpmu/Desktop/LegalMemoCMT/data/processed/phase2/clancy/turn_clips/audio/DCBWoWhsTpA/DCBWoWhsTpA_turn06801.wav,DCBWoWhsTpA,group_by_youtube_id,dev,neutral,text_keyword_heuristic,LOW,NO,neutral default,YES,"Yes. She said, ""The school knows some something's going on because I'm not driving my car to, you know, they see that I'm not driving my car to pick the kids up.""","Yes. She said, ""The school knows some something's going on because I'm not driving my car to, you know, they see that I'm not driving my car to pick the kids up.""",02:13:32.562,02:13:42.685,10.123,10.123,marker,MEDIUM,1,11,"DCBWoWhsTpA_utt06283#p02,DCBWoWhsTpA_utt06284#p01,DCBWoWhsTpA_utt06285#p01,DCBWoWhsTpA_utt06286#p01,DCBWoWhsTpA_utt06287#p01,DCBWoWhsTpA_utt06288#p01,DCBWoWhsTpA_utt06289#p01,DCBWoWhsTpA_utt06290#p01,DCBWoWhsTpA_utt06291#p01,DCBWoWhsTpA_utt06292#p01,DCBWoWhsTpA_utt06293#p01","DCBWoWhsTpA_utt06283,DCBWoWhsTpA_utt06284,DCBWoWhsTpA_utt06285,DCBWoWhsTpA_utt06286,DCBWoWhsTpA_utt06287,DCBWoWhsTpA_utt06288,DCBWoWhsTpA_utt06289,DCBWoWhsTpA_utt06290,DCBWoWhsTpA_utt06291,DCBWoWhsTpA_utt06292,DCBWoWhsTpA_utt06293",11,/Users/rajeshpmu/Desktop/LegalMemoCMT/data/phase2/clancy/corpus/raw/live-lindsay-clancy-trial-day-14/live-lindsay-clancy-trial-day-14_DCBWoWhsTpA.mp4,/Users/rajeshpmu/Desktop/LegalMemoCMT/data/phase2/clancy/corpus/raw/live-lindsay-clancy-trial-day-14/live-lindsay-clancy-trial-day-14_DCBWoWhsTpA.wav,/Users/rajeshpmu/Desktop/LegalMemoCMT/data/processed/phase2/clancy/turn_clips/video/DCBWoWhsTpA/DCBWoWhsTpA_turn06801.mp4,/Users/rajeshpmu/Desktop/LegalMemoCMT/data/processed/phase2/clancy/turn_clips/audio/DCBWoWhsTpA/DCBWoWhsTpA_turn06801.wav,8012.562,8022.685,10.123,created,02:13:32.562,02:13:42.685,0.0,default_zero,SPEAKER_02,8.393,pyannote/speaker-diarization-3.1,Witness,manual_verified_diarization,HIGH,YES,SPEAKING,Witness,YES,Witness 16 identified by manual audio/video review,INCLUDE,,YES,speaker_role=Witness,split_dev;usable,"usable because speaker_role=Witness, witness_speaking_status=SPEAKING, clip_status=created, duration=10.123s, and source is not excluded",YES,0.6,HIGH,manual_clip_review,HUMAN_VERIFIED,/Users/rajeshpmu/Desktop/LegalMemoCMT/data/processed/phase2/clancy/turn_clips/video/DCBWoWhsTpA/DCBWoWhsTpA_turn06801.mp4,/Users/rajeshpmu/Desktop/LegalMemoCMT/data/processed/phase2/clancy/vit_facecrop_embeddings/DCBWoWhsTpA/DCBWoWhsTpA_turn06801.npy,created,sadness,0.544674,1.288092,"{""anger"": 0.024719, ""disgust"": 0.005337, ""fear"": 0.05267, ""joy"": 0.236491, ""neutral"": 0.107264, ""sadness"": 0.544674, ""surprise"": 0.028845}",/Users/rajeshpmu/Desktop/LegalMemoCMT/results/facial_cues/meld_vit_facecrop_gated_video_aux/fold_4/best_model.pt,phase1_meld_checkpoint_pseudo_label,"audio,text,video","audio,text,video","{""audio_dim"": 128, ""audio_model_name"": ""facebook/hubert-base-ls960"", ""dropout"": 0.1, ""encoder_mode"": ""paper"", ""freeze_audio_backbone"": false, ""freeze_text_backbone"": false, ""fusion_dim"": 256, ""fusion_mode"": ""gated"", ""fusion_pooling"": ""min"", ""max_audio_len"": 256, ""max_text_len"": 128, ""max_video_len"": 32, ""num_classes"": 7, ""num_heads"": 4, ""num_layers"": 2, ""text_dim"": 256, ""text_model_name"": ""bert-base-uncased"", ""use_video"": true, ""video_dim"": 768, ""vocab_size"": 30000}",emotion=sadness
DCBWoWhsTpA_turn06808,DCBWoWhsTpA_turn06808,DCBWoWhsTpA,https://www.youtube.com/live/DCBWoWhsTpA,LIVE: Lindsay Clancy trial Day 14,full_trial_stream,5,/Users/rajeshpmu/Desktop/LegalMemoCMT/data/phase2/clancy/corpus/raw/live-lindsay-clancy-trial-day-14/live-lindsay-clancy-trial-day-14_DCBWoWhsTpA.en.vtt,/Users/rajeshpmu/Desktop/LegalMemoCMT/data/processed/phase2/clancy/turn_clips/video/DCBWoWhsTpA/DCBWoWhsTpA_turn06808.mp4,/Users/rajeshpmu/Desktop/LegalMemoCMT/data/processed/phase2/clancy/turn_clips/audio/DCBWoWhsTpA/DCBWoWhsTpA_turn06808.wav,DCBWoWhsTpA,group_by_youtube_id,dev,stress,text_keyword_heuristic,HIGH,YES,keyword match,YES,"I know it's difficult. Just tell us what you remember. I remember her being very nervous. I remember her saying, ""I just have to tell you guys something."" And then she told us.","I know it's difficult. Just tell us what you remember. I remember her being very nervous. I remember her saying, ""I just have to tell you guys something."" And then she told us.",02:14:27.768,02:14:41.745,13.977,13.977,marker,MEDIUM,1,13,"DCBWoWhsTpA_utt06335#p02,DCBWoWhsTpA_utt06336#p01,DCBWoWhsTpA_utt06337#p01,DCBWoWhsTpA_utt06338#p01,DCBWoWhsTpA_utt06339#p01,DCBWoWhsTpA_utt06340#p01,DCBWoWhsTpA_utt06341#p01,DCBWoWhsTpA_utt06342#p01,DCBWoWhsTpA_utt06343#p01,DCBWoWhsTpA_utt06344#p01,DCBWoWhsTpA_utt06345#p01,DCBWoWhsTpA_utt06346#p01,DCBWoWhsTpA_utt06347#p01","DCBWoWhsTpA_utt06335,DCBWoWhsTpA_utt06336,DCBWoWhsTpA_utt06337,DCBWoWhsTpA_utt06338,DCBWoWhsTpA_utt06339,DCBWoWhsTpA_utt06340,DCBWoWhsTpA_utt06341,DCBWoWhsTpA_utt06342,DCBWoWhsTpA_utt06343,DCBWoWhsTpA_utt06344,DCBWoWhsTpA_utt06345,DCBWoWhsTpA_utt06346,DCBWoWhsTpA_utt06347",13,/Users/rajeshpmu/Desktop/LegalMemoCMT/data/phase2/clancy/corpus/raw/live-lindsay-clancy-trial-day-14/live-lindsay-clancy-trial-day-14_DCBWoWhsTpA.mp4,/Users/rajeshpmu/Desktop/LegalMemoCMT/data/phase2/clancy/corpus/raw/live-lindsay-clancy-trial-day-14/live-lindsay-clancy-trial-day-14_DCBWoWhsTpA.wav,/Users/rajeshpmu/Desktop/LegalMemoCMT/data/processed/phase2/clancy/turn_clips/video/DCBWoWhsTpA/DCBWoWhsTpA_turn06808.mp4,/Users/rajeshpmu/Desktop/LegalMemoCMT/data/processed/phase2/clancy/turn_clips/audio/DCBWoWhsTpA/DCBWoWhsTpA_turn06808.wav,8067.768,8081.745,13.977,created,02:14:27.768,02:14:41.745,0.0,default_zero,SPEAKER_02,6.598,pyannote/speaker-diarization-3.1,Witness,manual_verified_diarization,HIGH,YES,SPEAKING,Witness,YES,Witness 16 identified by manual audio/video review,INCLUDE,,YES,speaker_role=Witness,split_dev;usable,"usable because speaker_role=Witness, witness_speaking_status=SPEAKING, clip_status=created, duration=13.977s, and source is not excluded",YES,0.6,HIGH,manual_clip_review,HUMAN_VERIFIED,/Users/rajeshpmu/Desktop/LegalMemoCMT/data/processed/phase2/clancy/turn_clips/video/DCBWoWhsTpA/DCBWoWhsTpA_turn06808.mp4,/Users/rajeshpmu/Desktop/LegalMemoCMT/data/processed/phase2/clancy/vit_facecrop_embeddings/DCBWoWhsTpA/DCBWoWhsTpA_turn06808.npy,created,sadness,0.878897,0.554293,"{""anger"": 0.013107, ""disgust"": 0.009379, ""fear"": 0.034536, ""joy"": 0.008565, ""neutral"": 0.047612, ""sadness"": 0.878897, ""surprise"": 0.007903}",/Users/rajeshpmu/Desktop/LegalMemoCMT/results/facial_cues/meld_vit_facecrop_gated_video_aux/fold_4/best_model.pt,phase1_meld_checkpoint_pseudo_label,"audio,text,video","audio,text,video","{""audio_dim"": 128, ""audio_model_name"": ""facebook/hubert-base-ls960"", ""dropout"": 0.1, ""encoder_mode"": ""paper"", ""freeze_audio_backbone"": false, ""freeze_text_backbone"": false, ""fusion_dim"": 256, ""fusion_mode"": ""gated"", ""fusion_pooling"": ""min"", ""max_audio_len"": 256, ""max_text_len"": 128, ""max_video_len"": 32, ""num_classes"": 7, ""num_heads"": 4, ""num_layers"": 2, ""text_dim"": 256, ""text_model_name"": ""bert-base-uncased"", ""use_video"": true, ""video_dim"": 768, ""vocab_size"": 30000}",emotion=sadness
DCBWoWhsTpA_turn06850,DCBWoWhsTpA_turn06850,DCBWoWhsTpA,https://www.youtube.com/live/DCBWoWhsTpA,LIVE: Lindsay Clancy trial Day 14,full_trial_stream,5,/Users/rajeshpmu/Desktop/LegalMemoCMT/data/phase2/clancy/corpus/raw/live-lindsay-clancy-trial-day-14/live-lindsay-clancy-trial-day-14_DCBWoWhsTpA.en.vtt,/Users/rajeshpmu/Desktop/LegalMemoCMT/data/processed/phase2/clancy/turn_clips/video/DCBWoWhsTpA/DCBWoWhsTpA_turn06850.mp4,/Users/rajeshpmu/Desktop/LegalMemoCMT/data/processed/phase2/clancy/turn_clips/audio/DCBWoWhsTpA/DCBWoWhsTpA_turn06850.wav,DCBWoWhsTpA,group_by_youtube_id,dev,neutral,text_keyword_heuristic,LOW,NO,neutral default,YES,"She said she was she just said she was afraid to be alone. She And one reason I believe she said she didn't know if she was going to be able to sleep, but mainly she was afraid to be alone.","She said she was she just said she was afraid to be alone. She And one reason I believe she said she didn't know if she was going to be able to sleep, but mainly she was afraid to be alone.",02:22:29.757,02:22:40.097,10.34,10.34,marker,MEDIUM,1,11,"DCBWoWhsTpA_utt06633#p02,DCBWoWhsTpA_utt06634#p01,DCBWoWhsTpA_utt06635#p01,DCBWoWhsTpA_utt06636#p01,DCBWoWhsTpA_utt06637#p01,DCBWoWhsTpA_utt06638#p01,DCBWoWhsTpA_utt06639#p01,DCBWoWhsTpA_utt06640#p01,DCBWoWhsTpA_utt06641#p01,DCBWoWhsTpA_utt06642#p01,DCBWoWhsTpA_utt06643#p01","DCBWoWhsTpA_utt06633,DCBWoWhsTpA_utt06634,DCBWoWhsTpA_utt06635,DCBWoWhsTpA_utt06636,DCBWoWhsTpA_utt06637,DCBWoWhsTpA_utt06638,DCBWoWhsTpA_utt06639,DCBWoWhsTpA_utt06640,DCBWoWhsTpA_utt06641,DCBWoWhsTpA_utt06642,DCBWoWhsTpA_utt06643",11,/Users/rajeshpmu/Desktop/LegalMemoCMT/data/phase2/clancy/corpus/raw/live-lindsay-clancy-trial-day-14/live-lindsay-clancy-trial-day-14_DCBWoWhsTpA.mp4,/Users/rajeshpmu/Desktop/LegalMemoCMT/data/phase2/clancy/corpus/raw/live-lindsay-clancy-trial-day-14/live-lindsay-clancy-trial-day-14_DCBWoWhsTpA.wav,/Users/rajeshpmu/Desktop/LegalMemoCMT/data/processed/phase2/clancy/turn_clips/video/DCBWoWhsTpA/DCBWoWhsTpA_turn06850.mp4,/Users/rajeshpmu/Desktop/LegalMemoCMT/data/processed/phase2/clancy/turn_clips/audio/DCBWoWhsTpA/DCBWoWhsTpA_turn06850.wav,8549.757,8560.097,10.34,created,02:22:29.757,02:22:40.097,0.0,default_zero,SPEAKER_02,8.869,pyannote/speaker-diarization-3.1,Witness,manual_verified_diarization,HIGH,YES,SPEAKING,Witness,YES,Witness 16 identified by manual audio/video review,INCLUDE,,YES,speaker_role=Witness,split_dev;usable,"usable because speaker_role=Witness, witness_speaking_status=SPEAKING, clip_status=created, duration=10.340s, and source is not excluded",YES,0.6,HIGH,manual_clip_review,HUMAN_VERIFIED,/Users/rajeshpmu/Desktop/LegalMemoCMT/data/processed/phase2/clancy/turn_clips/video/DCBWoWhsTpA/DCBWoWhsTpA_turn06850.mp4,/Users/rajeshpmu/Desktop/LegalMemoCMT/data/processed/phase2/clancy/vit_facecrop_embeddings/DCBWoWhsTpA/DCBWoWhsTpA_turn06850.npy,created,sadness,0.575738,1.212177,"{""anger"": 0.027027, ""disgust"": 0.014765, ""fear"": 0.063592, ""joy"": 0.035437, ""neutral"": 0.258872, ""sadness"": 0.575738, ""surprise"": 0.024569}",/Users/rajeshpmu/Desktop/LegalMemoCMT/results/facial_cues/meld_vit_facecrop_gated_video_aux/fold_4/best_model.pt,phase1_meld_checkpoint_pseudo_label,"audio,text,video","audio,text,video","{""audio_dim"": 128, ""audio_model_name"": ""facebook/hubert-base-ls960"", ""dropout"": 0.1, ""encoder_mode"": ""paper"", ""freeze_audio_backbone"": false, ""freeze_text_backbone"": false, ""fusion_dim"": 256, ""fusion_mode"": ""gated"", ""fusion_pooling"": ""min"", ""max_audio_len"": 256, ""max_text_len"": 128, ""max_video_len"": 32, ""num_classes"": 7, ""num_heads"": 4, ""num_layers"": 2, ""text_dim"": 256, ""text_model_name"": ""bert-base-uncased"", ""use_video"": true, ""video_dim"": 768, ""vocab_size"": 30000}",emotion=sadness
DCBWoWhsTpA_turn06901,DCBWoWhsTpA_turn06901,DCBWoWhsTpA,https://www.youtube.com/live/DCBWoWhsTpA,LIVE: Lindsay Clancy trial Day 14,full_trial_stream,5,/Users/rajeshpmu/Desktop/LegalMemoCMT/data/phase2/clancy/corpus/raw/live-lindsay-clancy-trial-day-14/live-lindsay-clancy-trial-day-14_DCBWoWhsTpA.en.vtt,/Users/rajeshpmu/Desktop/LegalMemoCMT/data/processed/phase2/clancy/turn_clips/video/DCBWoWhsTpA/DCBWoWhsTpA_turn06901.mp4,/Users/rajeshpmu/Desktop/LegalMemoCMT/data/processed/phase2/clancy/turn_clips/audio/DCBWoWhsTpA/DCBWoWhsTpA_turn06901.wav,DCBWoWhsTpA,group_by_youtube_id,dev,neutral,text_keyword_heuristic,LOW,NO,neutral default,YES,"I do not recall. I remember speaking to the police. I had just found out what had happened and I was pretty much in shock. So, anything I remember honestly I remember two things I told the police. Anything else that you have there, I must have said, but I'm don't recall them. I can I've been going through my mind. I can honestly recall two things I told the police during that interview. I was pretty much in shock.","I do not recall. I remember speaking to the police. I had just found out what had happened and I was pretty much in shock. So, anything I remember honestly I remember two things I told the police. Anything else that you have there, I must have said, but I'm don't recall them. I can I've been going through my mind. I can honestly recall two things I told the police during that interview. I was pretty much in shock.",02:39:28.850,02:39:56.096,27.246,27.246,marker,MEDIUM,1,25,"DCBWoWhsTpA_utt07415#p02,DCBWoWhsTpA_utt07416#p01,DCBWoWhsTpA_utt07417#p01,DCBWoWhsTpA_utt07418#p01,DCBWoWhsTpA_utt07419#p01,DCBWoWhsTpA_utt07420#p01,DCBWoWhsTpA_utt07421#p01,DCBWoWhsTpA_utt07422#p01,DCBWoWhsTpA_utt07423#p01,DCBWoWhsTpA_utt07424#p01,DCBWoWhsTpA_utt07425#p01,DCBWoWhsTpA_utt07426#p01,DCBWoWhsTpA_utt07427#p01,DCBWoWhsTpA_utt07428#p01,DCBWoWhsTpA_utt07429#p01,DCBWoWhsTpA_utt07430#p01,DCBWoWhsTpA_utt07431#p01,DCBWoWhsTpA_utt07432#p01,DCBWoWhsTpA_utt07433#p01,DCBWoWhsTpA_utt07434#p01,DCBWoWhsTpA_utt07435#p01,DCBWoWhsTpA_utt07436#p01,DCBWoWhsTpA_utt07437#p01,DCBWoWhsTpA_utt07438#p01,DCBWoWhsTpA_utt07439#p01","DCBWoWhsTpA_utt07415,DCBWoWhsTpA_utt07416,DCBWoWhsTpA_utt07417,DCBWoWhsTpA_utt07418,DCBWoWhsTpA_utt07419,DCBWoWhsTpA_utt07420,DCBWoWhsTpA_utt07421,DCBWoWhsTpA_utt07422,DCBWoWhsTpA_utt07423,DCBWoWhsTpA_utt07424,DCBWoWhsTpA_utt07425,DCBWoWhsTpA_utt07426,DCBWoWhsTpA_utt07427,DCBWoWhsTpA_utt07428,DCBWoWhsTpA_utt07429,DCBWoWhsTpA_utt07430,DCBWoWhsTpA_utt07431,DCBWoWhsTpA_utt07432,DCBWoWhsTpA_utt07433,DCBWoWhsTpA_utt07434,DCBWoWhsTpA_utt07435,DCBWoWhsTpA_utt07436,DCBWoWhsTpA_utt07437,DCBWoWhsTpA_utt07438,DCBWoWhsTpA_utt07439",25,/Users/rajeshpmu/Desktop/LegalMemoCMT/data/phase2/clancy/corpus/raw/live-lindsay-clancy-trial-day-14/live-lindsay-clancy-trial-day-14_DCBWoWhsTpA.mp4,/Users/rajeshpmu/Desktop/LegalMemoCMT/data/phase2/clancy/corpus/raw/live-lindsay-clancy-trial-day-14/live-lindsay-clancy-trial-day-14_DCBWoWhsTpA.wav,/Users/rajeshpmu/Desktop/LegalMemoCMT/data/processed/phase2/clancy/turn_clips/video/DCBWoWhsTpA/DCBWoWhsTpA_turn06901.mp4,/Users/rajeshpmu/Desktop/LegalMemoCMT/data/processed/phase2/clancy/turn_clips/audio/DCBWoWhsTpA/DCBWoWhsTpA_turn06901.wav,9568.85,9596.096,27.246,created,02:39:28.850,02:39:56.096,0.0,default_zero,SPEAKER_02,15.525,pyannote/speaker-diarization-3.1,Witness,manual_verified_diarization,HIGH,YES,SPEAKING,Witness,YES,Witness 16 identified by manual audio/video review,INCLUDE,,YES,speaker_role=Witness,split_dev;usable,"usable because speaker_role=Witness, witness_speaking_status=SPEAKING, clip_status=created, duration=27.246s, and source is not excluded",YES,0.6,HIGH,manual_clip_review,HUMAN_VERIFIED,/Users/rajeshpmu/Desktop/LegalMemoCMT/data/processed/phase2/clancy/turn_clips/video/DCBWoWhsTpA/DCBWoWhsTpA_turn06901.mp4,/Users/rajeshpmu/Desktop/LegalMemoCMT/data/processed/phase2/clancy/vit_facecrop_embeddings/DCBWoWhsTpA/DCBWoWhsTpA_turn06901.npy,created,sadness,0.54454,1.366402,"{""anger"": 0.036226, ""disgust"": 0.151594, ""fear"": 0.027556, ""joy"": 0.032375, ""neutral"": 0.173594, ""sadness"": 0.54454, ""surprise"": 0.034115}",/Users/rajeshpmu/Desktop/LegalMemoCMT/results/facial_cues/meld_vit_facecrop_gated_video_aux/fold_4/best_model.pt,phase1_meld_checkpoint_pseudo_label,"audio,text,video","audio,text,video","{""audio_dim"": 128, ""audio_model_name"": ""facebook/hubert-base-ls960"", ""dropout"": 0.1, ""encoder_mode"": ""paper"", ""freeze_audio_backbone"": false, ""freeze_text_backbone"": false, ""fusion_dim"": 256, ""fusion_mode"": ""gated"", ""fusion_pooling"": ""min"", ""max_audio_len"": 256, ""max_text_len"": 128, ""max_video_len"": 32, ""num_classes"": 7, ""num_heads"": 4, ""num_layers"": 2, ""text_dim"": 256, ""text_model_name"": ""bert-base-uncased"", ""use_video"": true, ""video_dim"": 768, ""vocab_size"": 30000}",emotion=sadness
DCBWoWhsTpA_turn06944,DCBWoWhsTpA_turn06944,DCBWoWhsTpA,https://www.youtube.com/live/DCBWoWhsTpA,LIVE: Lindsay Clancy trial Day 14,full_trial_stream,5,/Users/rajeshpmu/Desktop/LegalMemoCMT/data/phase2/clancy/corpus/raw/live-lindsay-clancy-trial-day-14/live-lindsay-clancy-trial-day-14_DCBWoWhsTpA.en.vtt,/Users/rajeshpmu/Desktop/LegalMemoCMT/data/processed/phase2/clancy/turn_clips/video/DCBWoWhsTpA/DCBWoWhsTpA_turn06944.mp4,/Users/rajeshpmu/Desktop/LegalMemoCMT/data/processed/phase2/clancy/turn_clips/audio/DCBWoWhsTpA/DCBWoWhsTpA_turn06944.wav,DCBWoWhsTpA,group_by_youtube_id,dev,neutral,text_keyword_heuristic,LOW,NO,neutral default,YES,I am. I'm board certified in emergency medicine.,I am. I'm board certified in emergency medicine.,02:49:12.709,02:49:15.163,2.454,2.454,marker,MEDIUM,1,5,"DCBWoWhsTpA_utt07825#p02,DCBWoWhsTpA_utt07826#p01,DCBWoWhsTpA_utt07827#p01,DCBWoWhsTpA_utt07828#p01,DCBWoWhsTpA_utt07829#p01","DCBWoWhsTpA_utt07825,DCBWoWhsTpA_utt07826,DCBWoWhsTpA_utt07827,DCBWoWhsTpA_utt07828,DCBWoWhsTpA_utt07829",5,/Users/rajeshpmu/Desktop/LegalMemoCMT/data/phase2/clancy/corpus/raw/live-lindsay-clancy-trial-day-14/live-lindsay-clancy-trial-day-14_DCBWoWhsTpA.mp4,/Users/rajeshpmu/Desktop/LegalMemoCMT/data/phase2/clancy/corpus/raw/live-lindsay-clancy-trial-day-14/live-lindsay-clancy-trial-day-14_DCBWoWhsTpA.wav,/Users/rajeshpmu/Desktop/LegalMemoCMT/data/processed/phase2/clancy/turn_clips/video/DCBWoWhsTpA/DCBWoWhsTpA_turn06944.mp4,/Users/rajeshpmu/Desktop/LegalMemoCMT/data/processed/phase2/clancy/turn_clips/audio/DCBWoWhsTpA/DCBWoWhsTpA_turn06944.wav,10152.709,10155.163,2.454,created,02:49:12.709,02:49:15.163,0.0,default_zero,SPEAKER_17,1.684,pyannote/speaker-diarization-3.1,Witness,manual_verified_diarization,HIGH,YES,SPEAKING,Witness,YES,Witness 17 identified by manual audio/video review,INCLUDE,,YES,speaker_role=Witness,split_dev;usable,"usable because speaker_role=Witness, witness_speaking_status=SPEAKING, clip_status=created, duration=2.454s, and source is not excluded",YES,0.6,HIGH,manual_clip_review,HUMAN_VERIFIED,/Users/rajeshpmu/Desktop/LegalMemoCMT/data/processed/phase2/clancy/turn_clips/video/DCBWoWhsTpA/DCBWoWhsTpA_turn06944.mp4,/Users/rajeshpmu/Desktop/LegalMemoCMT/data/processed/phase2/clancy/vit_facecrop_embeddings/DCBWoWhsTpA/DCBWoWhsTpA_turn06944.npy,created,sadness,0.507082,1.330877,"{""anger"": 0.211202, ""disgust"": 0.012601, ""fear"": 0.024205, ""joy"": 0.053435, ""neutral"": 0.181252, ""sadness"": 0.507082, ""surprise"": 0.010222}",/Users/rajeshpmu/Desktop/LegalMemoCMT/results/facial_cues/meld_vit_facecrop_gated_video_aux/fold_4/best_model.pt,phase1_meld_checkpoint_pseudo_label,"audio,text,video","audio,text,video","{""audio_dim"": 128, ""audio_model_name"": ""facebook/hubert-base-ls960"", ""dropout"": 0.1, ""encoder_mode"": ""paper"", ""freeze_audio_backbone"": false, ""freeze_text_backbone"": false, ""fusion_dim"": 256, ""fusion_mode"": ""gated"", ""fusion_pooling"": ""min"", ""max_audio_len"": 256, ""max_text_len"": 128, ""max_video_len"": 32, ""num_classes"": 7, ""num_heads"": 4, ""num_layers"": 2, ""text_dim"": 256, ""text_model_name"": ""bert-base-uncased"", ""use_video"": true, ""video_dim"": 768, ""vocab_size"": 30000}",emotion=sadness
