utterance_id,status,old_alignment_confidence,old_quality_tier,old_split,old_alignment_status,old_start_time,old_end_time,old_utterance_text,old_reason,new_alignment_confidence,new_quality_tier,new_split,new_alignment_status,new_start_time,new_end_time,new_utterance_text,new_reason
hear_2ef83c852251d65c_utt00001,only_old,MEDIUM,B,train,fuzzy,00:01:35.940,00:01:45.760,You are currently serving as a superintendent in the Kenyan police force?,"usable because split=train, quality_tier=B, alignment_confidence=MEDIUM, and manual_review_required=NO | medium_confidence because alignment_confidence=MEDIUM | video_valid because video_quality_status=VALID | audio_valid because audio_validation_status=VALID | split_train because the row belongs to the train partition",,,,,,,,
hear_2ef83c852251d65c_utt00006,only_old,HIGH,B,train,matched,00:03:49.950,00:03:51.450,"Yes, I do.","usable because split=train, quality_tier=B, alignment_confidence=HIGH, and manual_review_required=NO | high_confidence because alignment_confidence=HIGH | video_valid because video_quality_status=VALID | audio_valid because audio_validation_status=VALID | split_train because the row belongs to the train partition",,,,,,,,
hear_2ef83c852251d65c_utt00026,only_old,MEDIUM,B,train,fuzzy,00:03:54.470,00:03:55.570,Yes.,"usable because split=train, quality_tier=B, alignment_confidence=MEDIUM, and manual_review_required=NO | medium_confidence because alignment_confidence=MEDIUM | video_valid because video_quality_status=VALID | audio_valid because audio_validation_status=VALID | split_train because the row belongs to the train partition",,,,,,,,
hear_2ef83c852251d65c_utt00034,only_old,MEDIUM,B,train,fuzzy,00:05:21.520,00:05:23.120,Yes.,"usable because split=train, quality_tier=B, alignment_confidence=MEDIUM, and manual_review_required=NO | medium_confidence because alignment_confidence=MEDIUM | video_valid because video_quality_status=VALID | audio_valid because audio_validation_status=VALID | split_train because the row belongs to the train partition",,,,,,,,
hear_2ef83c852251d65c_utt00047,only_new,,,,,,,,,HIGH,B,train,matched,00:10:41.690,00:11:11.690,"And does a copy of that report appear in the binder before you behind tab number two under the document code of NYANJWA-2, consisting of four typewritten pages of text marked at the bottom one through four, and at the top with evidence reference numbers L0026940 through 45, plus a six-part series of attachments?","usable because split=train, quality_tier=B, alignment_confidence=HIGH, and manual_review_required=NO | high_confidence because alignment_confidence=HIGH | video_valid because video_quality_status=VALID | audio_valid because audio_validation_status=VALID | split_train because the row belongs to the train partition"
hear_2ef83c852251d65c_utt00050,only_new,,,,,,,,,MEDIUM,B,train,fuzzy,00:11:29.920,00:11:37.360,I was requested to carry out some handwriting analysis on various sets of documents that were submitted to me from here.,"usable because split=train, quality_tier=B, alignment_confidence=MEDIUM, and manual_review_required=NO | medium_confidence because alignment_confidence=MEDIUM | video_valid because video_quality_status=VALID | audio_valid because audio_validation_status=VALID | split_train because the row belongs to the train partition"
hear_2ef83c852251d65c_utt00051,only_new,,,,,,,,,HIGH,B,train,matched,00:11:40.620,00:11:46.600,"And after providing your written report, did you also receive a follow-up request?","usable because split=train, quality_tier=B, alignment_confidence=HIGH, and manual_review_required=NO | high_confidence because alignment_confidence=HIGH | video_valid because video_quality_status=VALID | audio_valid because audio_validation_status=VALID | split_train because the row belongs to the train partition"
hear_2ef83c852251d65c_utt00052,only_new,,,,,,,,,HIGH,B,train,matched,00:11:48.770,00:11:50.310,"Yes, I did.","usable because split=train, quality_tier=B, alignment_confidence=HIGH, and manual_review_required=NO | high_confidence because alignment_confidence=HIGH | video_valid because video_quality_status=VALID | audio_valid because audio_validation_status=VALID | split_train because the row belongs to the train partition"
hear_2ef83c852251d65c_utt00053,only_new,,,,,,,,,MEDIUM,B,train,matched,00:11:51.750,00:12:06.850,And did that follow-up request pertain to materials that were referred to as document 13 and marked with evidence reference numbers L0008679 --,"usable because split=train, quality_tier=B, alignment_confidence=MEDIUM, and manual_review_required=NO | medium_confidence because alignment_confidence=MEDIUM | video_valid because video_quality_status=VALID | audio_valid because audio_validation_status=VALID | split_train because the row belongs to the train partition"
hear_2ef83c852251d65c_utt00055,only_new,,,,,,,,,MEDIUM,B,train,fuzzy,00:12:14.790,00:12:16.170,Yes.,"usable because split=train, quality_tier=B, alignment_confidence=MEDIUM, and manual_review_required=NO | medium_confidence because alignment_confidence=MEDIUM | video_valid because video_quality_status=VALID | audio_valid because audio_validation_status=VALID | split_train because the row belongs to the train partition"
hear_2ef83c852251d65c_utt00057,only_old,MEDIUM,B,train,matched,00:11:29.350,00:11:59.350,"I was requested to carry out some handwriting analysis on some sets of documents that were submitted to me from here, the ICTR.","usable because split=train, quality_tier=B, alignment_confidence=MEDIUM, and manual_review_required=NO | medium_confidence because alignment_confidence=MEDIUM | video_valid because video_quality_status=VALID | audio_valid because audio_validation_status=VALID | split_train because the row belongs to the train partition",,,,,,,,
hear_2ef83c852251d65c_utt00059,only_new,,,,,,,,,MEDIUM,B,train,matched,00:14:20.110,00:14:50.110,"The method I used is summarised on my report. This is contained on page, page 4, which is marked Exhibit L0026944. I've given a summary of the methodology used before I rendered my opinion, but in brief, I eliminated -- first of all eliminated all the natural variations that usually occur when somebody does writing by the -- natural variation can occur as a result of intoxication by alcohol, sickness, old age, the writing material itself, the paper, the surface beneath the paper. And I took into consideration the individual characteristics of the handwriting, like the character arrangements, character formations and their constructions, character slants and slopes, spacings, baseline alignment, character initialisations, and the terminal strokes, writing quality, line quality, pen fluency, character connections, general resemblance, pen speed, pen pressure and pen lifts, ink failures, and the like, before giving my opinion.","usable because split=train, quality_tier=B, alignment_confidence=MEDIUM, and manual_review_required=NO | medium_confidence because alignment_confidence=MEDIUM | video_valid because video_quality_status=VALID | audio_valid because audio_validation_status=VALID | split_train because the row belongs to the train partition"
hear_2ef83c852251d65c_utt00118,only_new,,,,,,,,,MEDIUM,B,train,fuzzy,00:25:56.440,00:26:09.380,So do I understand that you consider graphology and handwriting analysis as one and the same thing?,"usable because split=train, quality_tier=B, alignment_confidence=MEDIUM, and manual_review_required=NO | medium_confidence because alignment_confidence=MEDIUM | video_valid because video_quality_status=VALID | audio_valid because audio_validation_status=VALID | split_train because the row belongs to the train partition"
hear_2ef83c852251d65c_utt00136,only_old,MEDIUM,B,train,fuzzy,00:28:02.530,00:28:08.650,And this time around the focus was handwriting analysis; is that correct?,"usable because split=train, quality_tier=B, alignment_confidence=MEDIUM, and manual_review_required=NO | medium_confidence because alignment_confidence=MEDIUM | video_valid because video_quality_status=VALID | audio_valid because audio_validation_status=VALID | split_train because the row belongs to the train partition",,,,,,,,
hear_2ef83c852251d65c_utt00152,only_new,,,,,,,,,HIGH,B,train,matched,00:33:32.150,00:33:46.190,"If I understand you correctly, for a short document you would analyse -- you would analyse a short document for two hours, three hours, in order to be able to do three or four analyses per day?","usable because split=train, quality_tier=B, alignment_confidence=HIGH, and manual_review_required=NO | high_confidence because alignment_confidence=HIGH | video_valid because video_quality_status=VALID | audio_valid because audio_validation_status=VALID | split_train because the row belongs to the train partition"
hear_2ef83c852251d65c_utt00155,only_old,MEDIUM,B,train,fuzzy,00:32:09.000,00:32:10.720,That's correct.,"usable because split=train, quality_tier=B, alignment_confidence=MEDIUM, and manual_review_required=NO | medium_confidence because alignment_confidence=MEDIUM | video_valid because video_quality_status=VALID | audio_valid because audio_validation_status=VALID | split_train because the row belongs to the train partition",,,,,,,,
hear_2ef83c852251d65c_utt00162,only_old,MEDIUM,B,train,fuzzy,00:33:32.770,00:33:34.390,I did not quite understand what you said.,"usable because split=train, quality_tier=B, alignment_confidence=MEDIUM, and manual_review_required=NO | medium_confidence because alignment_confidence=MEDIUM | video_valid because video_quality_status=VALID | audio_valid because audio_validation_status=VALID | split_train because the row belongs to the train partition",,,,,,,,
hear_2ef83c852251d65c_utt00163,only_new,,,,,,,,,HIGH,B,train,matched,00:35:31.790,00:35:50.890,"I said that it is not the Prosecutor who did not call me. It was the Defence who changed their mind at the last minute, and they said they were not going to contest my report. They were going to accept my report, as it were. That's the information I got from the Prosecution.","usable because split=train, quality_tier=B, alignment_confidence=HIGH, and manual_review_required=NO | high_confidence because alignment_confidence=HIGH | video_valid because video_quality_status=VALID | audio_valid because audio_validation_status=VALID | split_train because the row belongs to the train partition"
hear_2ef83c852251d65c_utt00166,only_new,,,,,,,,,HIGH,B,train,matched,00:36:58.890,00:37:27.850,"Now I would like to touch on the methodology, an issue that you approached with Mr. Drew White. You said that you have several criteria which you use in making comparisons. You mentioned writing, the construction of the alphabet, the way the words are lined up, and so on and so forth. Is that correct?","usable because split=train, quality_tier=B, alignment_confidence=HIGH, and manual_review_required=NO | high_confidence because alignment_confidence=HIGH | video_valid because video_quality_status=VALID | audio_valid because audio_validation_status=VALID | split_train because the row belongs to the train partition"
hear_2ef83c852251d65c_utt00168,only_new,,,,,,,,,HIGH,B,train,matched,00:37:37.200,00:37:55.880,"The first thing I would like to know, do you usually make photocopies -- or, rather, do you usually rely on photocopies as the basis for the analysis of documents?","usable because split=train, quality_tier=B, alignment_confidence=HIGH, and manual_review_required=NO | high_confidence because alignment_confidence=HIGH | video_valid because video_quality_status=VALID | audio_valid because audio_validation_status=VALID | split_train because the row belongs to the train partition"
hear_2ef83c852251d65c_utt00169,only_new,,,,,,,,,MEDIUM,B,train,matched,00:37:59.560,00:38:15.860,"Each and every case presents itself differently. There are those documents that come in photocopied form, there are those documents that come in carbon copies, there are those copies which come in the original handwriting.","usable because split=train, quality_tier=B, alignment_confidence=MEDIUM, and manual_review_required=NO | medium_confidence because alignment_confidence=MEDIUM | video_valid because video_quality_status=VALID | audio_valid because audio_validation_status=VALID | split_train because the row belongs to the train partition"
hear_2ef83c852251d65c_utt00170,only_new,,,,,,,,,MEDIUM,B,train,fuzzy,00:38:28.990,00:38:43.230,"For, actually, those who deal -- who analyse handwritings, is the use of photocopies not recommended; disrecommended, rather?","usable because split=train, quality_tier=B, alignment_confidence=MEDIUM, and manual_review_required=NO | medium_confidence because alignment_confidence=MEDIUM | video_valid because video_quality_status=VALID | audio_valid because audio_validation_status=VALID | split_train because the row belongs to the train partition"
hear_2ef83c852251d65c_utt00171,only_new,,,,,,,,,MEDIUM,B,train,fuzzy,00:38:52.910,00:38:58.210,(Microphone not activated)...I would never come to such a closed sentiment that photocopied documents are not recommended.,"usable because split=train, quality_tier=B, alignment_confidence=MEDIUM, and manual_review_required=NO | medium_confidence because alignment_confidence=MEDIUM | video_valid because video_quality_status=VALID | audio_valid because audio_validation_status=VALID | split_train because the row belongs to the train partition"
hear_2ef83c852251d65c_utt00172,only_new,,,,,,,,,HIGH,B,train,matched,00:39:09.510,00:39:18.690,"So to you, a photocopy and an original are one and the same thing; you can work on either. Is that correct?","usable because split=train, quality_tier=B, alignment_confidence=HIGH, and manual_review_required=NO | high_confidence because alignment_confidence=HIGH | video_valid because video_quality_status=VALID | audio_valid because audio_validation_status=VALID | split_train because the row belongs to the train partition"
hear_2ef83c852251d65c_utt00173,only_new,,,,,,,,,MEDIUM,B,train,fuzzy,00:39:19.590,00:39:33.430,"I can work on either and arrive at a conclusive opinion, except if the photocopied document has deteriorated and the quality is so poor that it could give me some difficulties.","usable because split=train, quality_tier=B, alignment_confidence=MEDIUM, and manual_review_required=NO | medium_confidence because alignment_confidence=MEDIUM | video_valid because video_quality_status=VALID | audio_valid because audio_validation_status=VALID | split_train because the row belongs to the train partition"
hear_2ef83c852251d65c_utt00174,only_new,,,,,,,,,HIGH,B,train,matched,00:39:42.390,00:39:52.490,So your criterion for working on a photocopy is just to make sure that you can read the photocopy; is that correct?,"usable because split=train, quality_tier=B, alignment_confidence=HIGH, and manual_review_required=NO | high_confidence because alignment_confidence=HIGH | video_valid because video_quality_status=VALID | audio_valid because audio_validation_status=VALID | split_train because the row belongs to the train partition"
hear_2ef83c852251d65c_utt00176,only_new,,,,,,,,,HIGH,B,train,matched,00:40:00.160,00:40:19.140,"Therefore, if the document was stained as a result of the photocopying process, but if, nevertheless, it can be read, you would find it as a document to be used for a proper analysis; is that correct?","usable because split=train, quality_tier=B, alignment_confidence=HIGH, and manual_review_required=NO | high_confidence because alignment_confidence=HIGH | video_valid because video_quality_status=VALID | audio_valid because audio_validation_status=VALID | split_train because the row belongs to the train partition"
hear_2ef83c852251d65c_utt00177,only_new,,,,,,,,,HIGH,B,train,matched,00:40:21.010,00:40:25.930,I'm not getting your question clearly. Can you please rephrase your question.,"usable because split=train, quality_tier=B, alignment_confidence=HIGH, and manual_review_required=NO | high_confidence because alignment_confidence=HIGH | video_valid because video_quality_status=VALID | audio_valid because audio_validation_status=VALID | split_train because the row belongs to the train partition"
hear_2ef83c852251d65c_utt00178,same,HIGH,B,train,matched,00:40:30.370,00:40:55.150,"When we talk of -- when we start from an original and you make a photocopy of the original, when you are photocopying from the original, in order to produce a photocopy, some letters may not be properly photocopied; there may be parts of the documents that are not properly photocopied. Do you understand so far what I have said?","usable because split=train, quality_tier=B, alignment_confidence=HIGH, and manual_review_required=NO | high_confidence because alignment_confidence=HIGH | video_valid because video_quality_status=VALID | audio_valid because audio_validation_status=VALID | split_train because the row belongs to the train partition",HIGH,B,train,matched,00:40:30.410,00:40:55.310,"When we talk of -- when we start from an original and you make a photocopy of the original, when you are photocopying from the original, in order to produce a photocopy, some letters may not be properly photocopied; there may be parts of the documents that are not properly photocopied. Do you understand so far what I have said?","usable because split=train, quality_tier=B, alignment_confidence=HIGH, and manual_review_required=NO | high_confidence because alignment_confidence=HIGH | video_valid because video_quality_status=VALID | audio_valid because audio_validation_status=VALID | split_train because the row belongs to the train partition"
hear_2ef83c852251d65c_utt00179,only_old,MEDIUM,B,train,fuzzy,00:40:57.180,00:41:14.620,"Yes, this is what I talked of, the quality of the photocopied document. I said if it is such a bad quality, it could be difficult to analyse. But in any case, if it's a good quality photocopied document, I really have no problem with that.","usable because split=train, quality_tier=B, alignment_confidence=MEDIUM, and manual_review_required=NO | medium_confidence because alignment_confidence=MEDIUM | video_valid because video_quality_status=VALID | audio_valid because audio_validation_status=VALID | split_train because the row belongs to the train partition",,,,,,,,
hear_2ef83c852251d65c_utt00180,only_old,HIGH,B,train,matched,00:41:19.570,00:41:36.920,"What I want to understand is the following: For you to be able to verify the quality of the photocopy, it is necessary for you to be able to compare the photocopy to the original; is that correct?","usable because split=train, quality_tier=B, alignment_confidence=HIGH, and manual_review_required=NO | high_confidence because alignment_confidence=HIGH | video_valid because video_quality_status=VALID | audio_valid because audio_validation_status=VALID | split_train because the row belongs to the train partition",,,,,,,,
hear_2ef83c852251d65c_utt00181,same,HIGH,B,train,matched,00:41:36.760,00:41:38.120,Not necessarily.,"usable because split=train, quality_tier=B, alignment_confidence=HIGH, and manual_review_required=NO | high_confidence because alignment_confidence=HIGH | video_valid because video_quality_status=VALID | audio_valid because audio_validation_status=VALID | split_train because the row belongs to the train partition",MEDIUM,B,train,fuzzy,00:43:06.330,00:43:07.430,Not necessarily.,"usable because split=train, quality_tier=B, alignment_confidence=MEDIUM, and manual_review_required=NO | medium_confidence because alignment_confidence=MEDIUM | video_valid because video_quality_status=VALID | audio_valid because audio_validation_status=VALID | split_train because the row belongs to the train partition"
hear_2ef83c852251d65c_utt00182,only_old,MEDIUM,B,train,matched,00:41:44.470,00:42:14.470,"Therefore, how are you able to come to a conclusion that the photocopy is of good quality if you have no basis for a comparison?","usable because split=train, quality_tier=B, alignment_confidence=MEDIUM, and manual_review_required=NO | medium_confidence because alignment_confidence=MEDIUM | video_valid because video_quality_status=VALID | audio_valid because audio_validation_status=VALID | split_train because the row belongs to the train partition",,,,,,,,
hear_2ef83c852251d65c_utt00189,only_old,MEDIUM,B,train,fuzzy,00:45:11.930,00:45:15.690,That's outside the scope of my work. My work was to analyse the handwriting of the photocopies.,"usable because split=train, quality_tier=B, alignment_confidence=MEDIUM, and manual_review_required=NO | medium_confidence because alignment_confidence=MEDIUM | video_valid because video_quality_status=VALID | audio_valid because audio_validation_status=VALID | split_train because the row belongs to the train partition",,,,,,,,
hear_2ef83c852251d65c_utt00303,only_new,,,,,,,,,MEDIUM,B,train,fuzzy,01:35:24.480,01:35:25.580,Yes.,"usable because split=train, quality_tier=B, alignment_confidence=MEDIUM, and manual_review_required=NO | medium_confidence because alignment_confidence=MEDIUM | video_valid because video_quality_status=VALID | audio_valid because audio_validation_status=VALID | split_train because the row belongs to the train partition"
hear_2ef83c852251d65c_utt00311,only_new,,,,,,,,,MEDIUM,B,train,fuzzy,01:37:00.510,01:37:02.330,Yes.,"usable because split=train, quality_tier=B, alignment_confidence=MEDIUM, and manual_review_required=NO | medium_confidence because alignment_confidence=MEDIUM | video_valid because video_quality_status=VALID | audio_valid because audio_validation_status=VALID | split_train because the row belongs to the train partition"
hear_2ef83c852251d65c_utt00315,only_old,MEDIUM,B,train,fuzzy,01:36:53.850,01:36:54.990,Yes.,"usable because split=train, quality_tier=B, alignment_confidence=MEDIUM, and manual_review_required=NO | medium_confidence because alignment_confidence=MEDIUM | video_valid because video_quality_status=VALID | audio_valid because audio_validation_status=VALID | split_train because the row belongs to the train partition",,,,,,,,
hear_2ef83c852251d65c_utt00320,only_new,,,,,,,,,MEDIUM,B,train,fuzzy,01:39:34.440,01:39:35.620,Yes.,"usable because split=train, quality_tier=B, alignment_confidence=MEDIUM, and manual_review_required=NO | medium_confidence because alignment_confidence=MEDIUM | video_valid because video_quality_status=VALID | audio_valid because audio_validation_status=VALID | split_train because the row belongs to the train partition"
hear_2ef83c852251d65c_utt00330,only_new,,,,,,,,,MEDIUM,B,train,fuzzy,01:44:37.410,01:44:38.590,Yes.,"usable because split=train, quality_tier=B, alignment_confidence=MEDIUM, and manual_review_required=NO | medium_confidence because alignment_confidence=MEDIUM | video_valid because video_quality_status=VALID | audio_valid because audio_validation_status=VALID | split_train because the row belongs to the train partition"
hear_2ef83c852251d65c_utt00331,only_new,,,,,,,,,MEDIUM,B,train,fuzzy,01:44:41.970,01:44:45.490,Is the character on the right also taken from authenticated document collection number 1?,"usable because split=train, quality_tier=B, alignment_confidence=MEDIUM, and manual_review_required=NO | medium_confidence because alignment_confidence=MEDIUM | video_valid because video_quality_status=VALID | audio_valid because audio_validation_status=VALID | split_train because the row belongs to the train partition"
hear_2ef83c852251d65c_utt00332,only_new,,,,,,,,,MEDIUM,B,train,fuzzy,01:44:45.210,01:44:46.450,Yes.,"usable because split=train, quality_tier=B, alignment_confidence=MEDIUM, and manual_review_required=NO | medium_confidence because alignment_confidence=MEDIUM | video_valid because video_quality_status=VALID | audio_valid because audio_validation_status=VALID | split_train because the row belongs to the train partition"
hear_2ef83c852251d65c_utt00342,same,MEDIUM,B,train,fuzzy,01:47:05.910,01:47:11.130,"Could you please turn to photo image number 4, and, again, is the image on the left taken from test selection B?","usable because split=train, quality_tier=B, alignment_confidence=MEDIUM, and manual_review_required=NO | medium_confidence because alignment_confidence=MEDIUM | video_valid because video_quality_status=VALID | audio_valid because audio_validation_status=VALID | split_train because the row belongs to the train partition",MEDIUM,B,train,fuzzy,01:48:05.160,01:48:20.490,"Could you please turn to photo image number 4, and, again, is the image on the left taken from test selection B?","usable because split=train, quality_tier=B, alignment_confidence=MEDIUM, and manual_review_required=NO | medium_confidence because alignment_confidence=MEDIUM | video_valid because video_quality_status=VALID | audio_valid because audio_validation_status=VALID | split_train because the row belongs to the train partition"
hear_2ef83c852251d65c_utt00343,only_new,,,,,,,,,MEDIUM,B,train,fuzzy,01:48:21.230,01:48:22.530,Yes.,"usable because split=train, quality_tier=B, alignment_confidence=MEDIUM, and manual_review_required=NO | medium_confidence because alignment_confidence=MEDIUM | video_valid because video_quality_status=VALID | audio_valid because audio_validation_status=VALID | split_train because the row belongs to the train partition"
hear_2ef83c852251d65c_utt00344,only_new,,,,,,,,,MEDIUM,B,train,fuzzy,01:48:22.970,01:48:28.430,And the image on the right is taken from authenticated document collection 1?,"usable because split=train, quality_tier=B, alignment_confidence=MEDIUM, and manual_review_required=NO | medium_confidence because alignment_confidence=MEDIUM | video_valid because video_quality_status=VALID | audio_valid because audio_validation_status=VALID | split_train because the row belongs to the train partition"
hear_2ef83c852251d65c_utt00345,only_new,,,,,,,,,MEDIUM,B,train,fuzzy,01:48:28.330,01:48:29.670,Yes.,"usable because split=train, quality_tier=B, alignment_confidence=MEDIUM, and manual_review_required=NO | medium_confidence because alignment_confidence=MEDIUM | video_valid because video_quality_status=VALID | audio_valid because audio_validation_status=VALID | split_train because the row belongs to the train partition"
hear_2ef83c852251d65c_utt00346,only_new,,,,,,,,,HIGH,B,train,matched,01:48:30.080,01:48:33.400,How do these characters compare?,"usable because split=train, quality_tier=B, alignment_confidence=HIGH, and manual_review_required=NO | high_confidence because alignment_confidence=HIGH | video_valid because video_quality_status=VALID | audio_valid because audio_validation_status=VALID | split_train because the row belongs to the train partition"
hear_2ef83c852251d65c_utt00350,only_new,,,,,,,,,MEDIUM,B,train,fuzzy,01:50:46.990,01:50:49.430,"Could you turn, please, to photo image 5?","usable because split=train, quality_tier=B, alignment_confidence=MEDIUM, and manual_review_required=NO | medium_confidence because alignment_confidence=MEDIUM | video_valid because video_quality_status=VALID | audio_valid because audio_validation_status=VALID | split_train because the row belongs to the train partition"
hear_2ef83c852251d65c_utt00351,only_new,,,,,,,,,MEDIUM,B,train,fuzzy,01:50:48.530,01:51:18.530,"If you look at the photo image number 4, Superintendent, can you tell us whether or not the image in the top portion of that is from test collection A?","usable because split=train, quality_tier=B, alignment_confidence=MEDIUM, and manual_review_required=NO | medium_confidence because alignment_confidence=MEDIUM | video_valid because video_quality_status=VALID | audio_valid because audio_validation_status=VALID | split_train because the row belongs to the train partition"
hear_2ef83c852251d65c_utt00368,only_old,MEDIUM,B,train,fuzzy,01:54:56.130,01:54:57.270,Yes.,"usable because split=train, quality_tier=B, alignment_confidence=MEDIUM, and manual_review_required=NO | medium_confidence because alignment_confidence=MEDIUM | video_valid because video_quality_status=VALID | audio_valid because audio_validation_status=VALID | split_train because the row belongs to the train partition",,,,,,,,
hear_2ef83c852251d65c_utt00369,only_new,,,,,,,,,MEDIUM,B,train,fuzzy,01:55:45.690,01:55:56.650,And is the image on the from test collection A?,"usable because split=train, quality_tier=B, alignment_confidence=MEDIUM, and manual_review_required=NO | medium_confidence because alignment_confidence=MEDIUM | video_valid because video_quality_status=VALID | audio_valid because audio_validation_status=VALID | split_train because the row belongs to the train partition"
hear_2ef83c852251d65c_utt00376,only_old,MEDIUM,B,train,fuzzy,01:57:15.840,01:57:16.940,Yes.,"usable because split=train, quality_tier=B, alignment_confidence=MEDIUM, and manual_review_required=NO | medium_confidence because alignment_confidence=MEDIUM | video_valid because video_quality_status=VALID | audio_valid because audio_validation_status=VALID | split_train because the row belongs to the train partition",,,,,,,,
hear_2ef83c852251d65c_utt00381,only_old,MEDIUM,B,train,fuzzy,01:59:25.870,01:59:31.710,Is the image on the bottom from authenticated document collection number 2?,"usable because split=train, quality_tier=B, alignment_confidence=MEDIUM, and manual_review_required=NO | medium_confidence because alignment_confidence=MEDIUM | video_valid because video_quality_status=VALID | audio_valid because audio_validation_status=VALID | split_train because the row belongs to the train partition",,,,,,,,
hear_2ef83c852251d65c_utt00382,only_old,MEDIUM,B,train,fuzzy,01:59:31.270,01:59:32.550,Yes.,"usable because split=train, quality_tier=B, alignment_confidence=MEDIUM, and manual_review_required=NO | medium_confidence because alignment_confidence=MEDIUM | video_valid because video_quality_status=VALID | audio_valid because audio_validation_status=VALID | split_train because the row belongs to the train partition",,,,,,,,
hear_2ef83c852251d65c_utt00436,only_old,MEDIUM,B,train,fuzzy,02:16:33.370,02:16:36.150,Can you put that up on the screen?,"usable because split=train, quality_tier=B, alignment_confidence=MEDIUM, and manual_review_required=NO | medium_confidence because alignment_confidence=MEDIUM | video_valid because video_quality_status=VALID | audio_valid because audio_validation_status=VALID | split_train because the row belongs to the train partition",,,,,,,,
hear_2ef83c852251d65c_utt00464,only_new,,,,,,,,,MEDIUM,B,train,fuzzy,02:29:24.820,02:29:27.580,"Yes, this is the document.","usable because split=train, quality_tier=B, alignment_confidence=MEDIUM, and manual_review_required=NO | medium_confidence because alignment_confidence=MEDIUM | video_valid because video_quality_status=VALID | audio_valid because audio_validation_status=VALID | split_train because the row belongs to the train partition"
hear_2ef83c852251d65c_utt00495,only_old,MEDIUM,B,train,fuzzy,02:40:22.030,02:40:25.550,"Yes, I did.","usable because split=train, quality_tier=B, alignment_confidence=MEDIUM, and manual_review_required=NO | medium_confidence because alignment_confidence=MEDIUM | video_valid because video_quality_status=VALID | audio_valid because audio_validation_status=VALID | split_train because the row belongs to the train partition",,,,,,,,
hear_2ef83c852251d65c_utt00548,only_new,,,,,,,,,MEDIUM,B,train,fuzzy,02:57:32.540,02:57:34.880,That is correct.,"usable because split=train, quality_tier=B, alignment_confidence=MEDIUM, and manual_review_required=NO | medium_confidence because alignment_confidence=MEDIUM | video_valid because video_quality_status=VALID | audio_valid because audio_validation_status=VALID | split_train because the row belongs to the train partition"
hear_2ef83c852251d65c_utt00609,only_old,MEDIUM,B,train,fuzzy,03:16:19.640,03:16:29.300,"And underneath, the two words that are there, are they complete?","usable because split=train, quality_tier=B, alignment_confidence=MEDIUM, and manual_review_required=NO | medium_confidence because alignment_confidence=MEDIUM | video_valid because video_quality_status=VALID | audio_valid because audio_validation_status=VALID | split_train because the row belongs to the train partition",,,,,,,,
hear_2ef83c852251d65c_utt00666,only_old,MEDIUM,B,train,fuzzy,03:42:34.760,03:42:37.900,"I think ""q"" is on the 14th line.","usable because split=train, quality_tier=B, alignment_confidence=MEDIUM, and manual_review_required=NO | medium_confidence because alignment_confidence=MEDIUM | video_valid because video_quality_status=VALID | audio_valid because audio_validation_status=VALID | split_train because the row belongs to the train partition",,,,,,,,
hear_2ef83c852251d65c_utt00684,only_old,MEDIUM,B,train,fuzzy,03:53:52.160,03:53:53.320,Yes.,"usable because split=train, quality_tier=B, alignment_confidence=MEDIUM, and manual_review_required=NO | medium_confidence because alignment_confidence=MEDIUM | video_valid because video_quality_status=VALID | audio_valid because audio_validation_status=VALID | split_train because the row belongs to the train partition",,,,,,,,
hear_2ef83c852251d65c_utt00694,only_old,MEDIUM,B,train,fuzzy,03:55:00.170,03:55:01.450,Yes.,"usable because split=train, quality_tier=B, alignment_confidence=MEDIUM, and manual_review_required=NO | medium_confidence because alignment_confidence=MEDIUM | video_valid because video_quality_status=VALID | audio_valid because audio_validation_status=VALID | split_train because the row belongs to the train partition",,,,,,,,
hear_2ef83c852251d65c_utt00696,only_new,,,,,,,,,MEDIUM,B,train,fuzzy,03:56:08.770,03:56:09.870,Yes.,"usable because split=train, quality_tier=B, alignment_confidence=MEDIUM, and manual_review_required=NO | medium_confidence because alignment_confidence=MEDIUM | video_valid because video_quality_status=VALID | audio_valid because audio_validation_status=VALID | split_train because the row belongs to the train partition"
hear_2ef83c852251d65c_utt00706,only_old,MEDIUM,B,train,fuzzy,03:57:43.330,03:57:44.630,Yes.,"usable because split=train, quality_tier=B, alignment_confidence=MEDIUM, and manual_review_required=NO | medium_confidence because alignment_confidence=MEDIUM | video_valid because video_quality_status=VALID | audio_valid because audio_validation_status=VALID | split_train because the row belongs to the train partition",,,,,,,,
hear_2ef83c852251d65c_utt00712,only_old,MEDIUM,B,train,fuzzy,04:00:18.310,04:00:33.680,I don't remember off hand the number of pages I used.,"usable because split=train, quality_tier=B, alignment_confidence=MEDIUM, and manual_review_required=NO | medium_confidence because alignment_confidence=MEDIUM | video_valid because video_quality_status=VALID | audio_valid because audio_validation_status=VALID | split_train because the row belongs to the train partition",,,,,,,,
hear_2ef83c852251d65c_utt00728,only_new,,,,,,,,,MEDIUM,B,train,fuzzy,04:06:38.220,04:06:41.820,"To my finding, it was.","usable because split=train, quality_tier=B, alignment_confidence=MEDIUM, and manual_review_required=NO | medium_confidence because alignment_confidence=MEDIUM | video_valid because video_quality_status=VALID | audio_valid because audio_validation_status=VALID | split_train because the row belongs to the train partition"
hear_2ef83c852251d65c_utt00762,only_new,,,,,,,,,MEDIUM,B,train,fuzzy,04:23:12.740,04:23:13.840,So what is the question?,"usable because split=train, quality_tier=B, alignment_confidence=MEDIUM, and manual_review_required=NO | medium_confidence because alignment_confidence=MEDIUM | video_valid because video_quality_status=VALID | audio_valid because audio_validation_status=VALID | split_train because the row belongs to the train partition"
hear_2ef83c852251d65c_utt00845,only_new,,,,,,,,,MEDIUM,B,train,fuzzy,04:53:56.100,04:54:12.570,Do you agree on the fact that your colleague says that it is not the same handwriting?,"usable because split=train, quality_tier=B, alignment_confidence=MEDIUM, and manual_review_required=NO | medium_confidence because alignment_confidence=MEDIUM | video_valid because video_quality_status=VALID | audio_valid because audio_validation_status=VALID | split_train because the row belongs to the train partition"
hear_2ef83c852251d65c_utt00869,only_new,,,,,,,,,MEDIUM,B,train,fuzzy,05:02:22.890,05:02:38.490,And were you not surprised that this request was made to you again?,"usable because split=train, quality_tier=B, alignment_confidence=MEDIUM, and manual_review_required=NO | medium_confidence because alignment_confidence=MEDIUM | video_valid because video_quality_status=VALID | audio_valid because audio_validation_status=VALID | split_train because the row belongs to the train partition"
hear_2ef83c852251d65c_utt00884,only_new,,,,,,,,,MEDIUM,B,train,fuzzy,05:05:43.890,05:05:45.390,Yes.,"usable because split=train, quality_tier=B, alignment_confidence=MEDIUM, and manual_review_required=NO | medium_confidence because alignment_confidence=MEDIUM | video_valid because video_quality_status=VALID | audio_valid because audio_validation_status=VALID | split_train because the row belongs to the train partition"
hear_2ef83c852251d65c_utt00920,only_old,MEDIUM,B,train,fuzzy,05:20:35.790,05:20:53.860,"I don't get the question. Something there on top of? You have to repeat the question, please.","usable because split=train, quality_tier=B, alignment_confidence=MEDIUM, and manual_review_required=NO | medium_confidence because alignment_confidence=MEDIUM | video_valid because video_quality_status=VALID | audio_valid because audio_validation_status=VALID | split_train because the row belongs to the train partition",,,,,,,,
hear_2ef83c852251d65c_utt00926,only_old,MEDIUM,B,train,fuzzy,05:27:08.070,05:27:09.450,Yes.,"usable because split=train, quality_tier=B, alignment_confidence=MEDIUM, and manual_review_required=NO | medium_confidence because alignment_confidence=MEDIUM | video_valid because video_quality_status=VALID | audio_valid because audio_validation_status=VALID | split_train because the row belongs to the train partition",,,,,,,,
hear_2ef83c852251d65c_utt00964,only_new,,,,,,,,,MEDIUM,B,train,matched,05:40:40.030,05:41:10.030,I said the same kind -- the same pen movement that replicates itself on the image on the left; that is K0091667.,"usable because split=train, quality_tier=B, alignment_confidence=MEDIUM, and manual_review_required=NO | medium_confidence because alignment_confidence=MEDIUM | video_valid because video_quality_status=VALID | audio_valid because audio_validation_status=VALID | split_train because the row belongs to the train partition"
hear_2ef83c852251d65c_utt00965,only_old,HIGH,B,train,matched,05:40:54.570,05:41:10.450,So who told you that there was no cross there and that it was not done to your right? Where do you get this information from? Where do you base your argument on?,"usable because split=train, quality_tier=B, alignment_confidence=HIGH, and manual_review_required=NO | high_confidence because alignment_confidence=HIGH | video_valid because video_quality_status=VALID | audio_valid because audio_validation_status=VALID | split_train because the row belongs to the train partition",,,,,,,,
hear_2ef83c852251d65c_utt00966,only_old,MEDIUM,B,train,fuzzy,05:41:10.070,05:41:12.210,Rephrase the question because I have not understood anything.,"usable because split=train, quality_tier=B, alignment_confidence=MEDIUM, and manual_review_required=NO | medium_confidence because alignment_confidence=MEDIUM | video_valid because video_quality_status=VALID | audio_valid because audio_validation_status=VALID | split_train because the row belongs to the train partition",,,,,,,,
hear_2ef83c852251d65c_utt00967,same,HIGH,B,train,matched,05:41:15.740,05:41:27.880,"You told us that what struck you after the link with the E is that there you go up, you come down, and you go up again. That is what I understood from what you told me.","usable because split=train, quality_tier=B, alignment_confidence=HIGH, and manual_review_required=NO | high_confidence because alignment_confidence=HIGH | video_valid because video_quality_status=VALID | audio_valid because audio_validation_status=VALID | split_train because the row belongs to the train partition",MEDIUM,B,train,fuzzy,05:41:21.280,05:41:27.640,"You told us that what struck you after the link with the E is that there you go up, you come down, and you go up again. That is what I understood from what you told me.","usable because split=train, quality_tier=B, alignment_confidence=MEDIUM, and manual_review_required=NO | medium_confidence because alignment_confidence=MEDIUM | video_valid because video_quality_status=VALID | audio_valid because audio_validation_status=VALID | split_train because the row belongs to the train partition"
hear_2ef83c852251d65c_utt00968,same,MEDIUM,B,train,fuzzy,05:41:28.580,05:41:44.680,"(Microphones overlapping)… that it is the pen movement, the pen movement and the pen fluency with the crossbar combining with the letter E that I found too similar, and the same repeats itself on the image on the left.","usable because split=train, quality_tier=B, alignment_confidence=MEDIUM, and manual_review_required=NO | medium_confidence because alignment_confidence=MEDIUM | video_valid because video_quality_status=VALID | audio_valid because audio_validation_status=VALID | split_train because the row belongs to the train partition",MEDIUM,B,train,fuzzy,05:41:32.080,05:41:45.260,"(Microphones overlapping)… that it is the pen movement, the pen movement and the pen fluency with the crossbar combining with the letter E that I found too similar, and the same repeats itself on the image on the left.","usable because split=train, quality_tier=B, alignment_confidence=MEDIUM, and manual_review_required=NO | medium_confidence because alignment_confidence=MEDIUM | video_valid because video_quality_status=VALID | audio_valid because audio_validation_status=VALID | split_train because the row belongs to the train partition"
hear_2ef83c852251d65c_utt00969,only_old,MEDIUM,B,train,fuzzy,05:41:58.280,05:42:28.280,"We'll go to the link with the letter E. What you're talking of is the pen movement. Who tells you that there you go up, you come down and go to the middle, because I would like to know what makes it possible for you to suppose that this is not what you did; that is, you do not have two lines and a cross in the middle?","usable because split=train, quality_tier=B, alignment_confidence=MEDIUM, and manual_review_required=NO | medium_confidence because alignment_confidence=MEDIUM | video_valid because video_quality_status=VALID | audio_valid because audio_validation_status=VALID | split_train because the row belongs to the train partition",,,,,,,,
hear_2ef83c852251d65c_utt00979,only_new,,,,,,,,,MEDIUM,B,train,fuzzy,05:45:56.530,05:46:03.050,"So, for you, what is that letter?","usable because split=train, quality_tier=B, alignment_confidence=MEDIUM, and manual_review_required=NO | medium_confidence because alignment_confidence=MEDIUM | video_valid because video_quality_status=VALID | audio_valid because audio_validation_status=VALID | split_train because the row belongs to the train partition"
hear_2ef83c852251d65c_utt00981,only_old,MEDIUM,B,train,fuzzy,05:45:57.890,05:46:06.010,So you analyse a character and you cannot tell us what is that letter?,"usable because split=train, quality_tier=B, alignment_confidence=MEDIUM, and manual_review_required=NO | medium_confidence because alignment_confidence=MEDIUM | video_valid because video_quality_status=VALID | audio_valid because audio_validation_status=VALID | split_train because the row belongs to the train partition",,,,,,,,
hear_2ef83c852251d65c_utt01036,only_old,MEDIUM,B,train,matched,06:03:57.640,06:04:27.640,And I'm telling you that here below on this défense there is no accent.,"usable because split=train, quality_tier=B, alignment_confidence=MEDIUM, and manual_review_required=NO | medium_confidence because alignment_confidence=MEDIUM | video_valid because video_quality_status=VALID | audio_valid because audio_validation_status=VALID | split_train because the row belongs to the train partition",,,,,,,,
hear_2ef83c852251d65c_utt01047,same,MEDIUM,B,train,fuzzy,06:07:52.520,06:07:53.620,Yes.,"usable because split=train, quality_tier=B, alignment_confidence=MEDIUM, and manual_review_required=NO | medium_confidence because alignment_confidence=MEDIUM | video_valid because video_quality_status=VALID | audio_valid because audio_validation_status=VALID | split_train because the row belongs to the train partition",MEDIUM,B,train,fuzzy,06:07:52.540,06:07:53.640,Yes.,"usable because split=train, quality_tier=B, alignment_confidence=MEDIUM, and manual_review_required=NO | medium_confidence because alignment_confidence=MEDIUM | video_valid because video_quality_status=VALID | audio_valid because audio_validation_status=VALID | split_train because the row belongs to the train partition"
hear_2ef83c852251d65c_utt01062,same,MEDIUM,B,train,fuzzy,06:11:23.840,06:11:27.160,"9533, do you remember that, sir?","usable because split=train, quality_tier=B, alignment_confidence=MEDIUM, and manual_review_required=NO | medium_confidence because alignment_confidence=MEDIUM | video_valid because video_quality_status=VALID | audio_valid because audio_validation_status=VALID | split_train because the row belongs to the train partition",MEDIUM,B,train,fuzzy,06:11:23.820,06:11:27.160,"9533, do you remember that, sir?","usable because split=train, quality_tier=B, alignment_confidence=MEDIUM, and manual_review_required=NO | medium_confidence because alignment_confidence=MEDIUM | video_valid because video_quality_status=VALID | audio_valid because audio_validation_status=VALID | split_train because the row belongs to the train partition"
