turn_id,utterance_id,youtube_id,source_url,title,category,priority,subtitle_path,video_path,audio_path,split_group_id,split_strategy,split,emotion_label,emotion_label_source,emotion_label_confidence,review_flag,review_reason,usable_for_phase2,turn_text,utterance_text,turn_start_time,turn_end_time,turn_duration_seconds,duration_seconds,turn_boundary_type,turn_confidence,turn_marker_count,turn_piece_count,turn_piece_ids,turn_source_utterance_ids,turn_source_utterance_count,speaker_cluster_id,speaker_cluster_overlap_seconds,speaker_cluster_source,speaker_role,speaker_role_source,speaker_role_confidence,corpus_exclusion_status,corpus_exclusion_reason,witness_in_segment,witness_speaking_status,visual_target_role,visual_speaker_match,source_video_path,source_audio_path,clip_video_path,clip_audio_path,clip_start_seconds,clip_end_seconds,clip_duration_seconds,clip_status,start_time,end_time,source_offset_seconds,source_offset_status,witness_only,witness_only_reason,training_use_categories,training_use_reason,tupac_witness_speaking_validation_status,tupac_witness_speaking_validation_source,tupac_witness_speaking_validation_confidence,manual_review_status,manual_review_reviewer,manual_review_notes,tupac_validated_witness_speaking,speaker_visible_during_speech,face_visible_ratio,visual_verification_status,visual_verification_confidence,visual_reviewer,visual_review_notes,talknet_face_track_count,talknet_best_face_track_id,talknet_active_speaker_detected,talknet_active_speaker_score,talknet_active_speaker_frame_ratio,face_detected,active_speaker_detected,active_speaker_confidence,active_speaker_frame_ratio,talknet_status,talknet_model
DiurriBQxVs_turn00004,DiurriBQxVs_turn00004,DiurriBQxVs,,,,,/Users/rajeshpmu/Desktop/LegalMemoCMT/data/phase2/tupac/corpus/raw/keefe-d-s-lawyer-cross-exams-ex-suge-knight-security-reggie-wright-abo/keefe-d-s-lawyer-cross-exams-ex-suge-knight-security-reggie-wright-abo_DiurriBQxVs.en.vtt,/Users/rajeshpmu/Desktop/LegalMemoCMT/data/processed/phase2/tupac/turn_clips/video/DiurriBQxVs/DiurriBQxVs_turn00004.mp4,/Users/rajeshpmu/Desktop/LegalMemoCMT/data/processed/phase2/tupac/turn_clips/audio/DiurriBQxVs/DiurriBQxVs_turn00004.wav,,,,,,,,,YES,Uh YouTube channel that I that I talk on.,Uh YouTube channel that I that I talk on.,00:00:10.560,00:00:15.204,4.644,4.644,marker,MEDIUM,1,5,"DiurriBQxVs_utt00011#p02,DiurriBQxVs_utt00012#p01,DiurriBQxVs_utt00013#p01,DiurriBQxVs_utt00014#p01,DiurriBQxVs_utt00015#p01","DiurriBQxVs_utt00011,DiurriBQxVs_utt00012,DiurriBQxVs_utt00013,DiurriBQxVs_utt00014,DiurriBQxVs_utt00015",5,SPEAKER_00,1.096,pyannote/speaker-diarization-3.1,Witness,manual_verified_diarization,HIGH,,,YES,SPEAKING,UNKNOWN,UNKNOWN,/Users/rajeshpmu/Desktop/LegalMemoCMT/data/phase2/tupac/corpus/raw/keefe-d-s-lawyer-cross-exams-ex-suge-knight-security-reggie-wright-abo/keefe-d-s-lawyer-cross-exams-ex-suge-knight-security-reggie-wright-abo_DiurriBQxVs.mp4,/Users/rajeshpmu/Desktop/LegalMemoCMT/data/phase2/tupac/corpus/raw/keefe-d-s-lawyer-cross-exams-ex-suge-knight-security-reggie-wright-abo/keefe-d-s-lawyer-cross-exams-ex-suge-knight-security-reggie-wright-abo_DiurriBQxVs.wav,/Users/rajeshpmu/Desktop/LegalMemoCMT/data/processed/phase2/tupac/turn_clips/video/DiurriBQxVs/DiurriBQxVs_turn00004.mp4,/Users/rajeshpmu/Desktop/LegalMemoCMT/data/processed/phase2/tupac/turn_clips/audio/DiurriBQxVs/DiurriBQxVs_turn00004.wav,10.560,15.204,4.644,reused,00:00:10.560,00:00:15.204,0.000,default_zero,YES,speaker_role=Witness,review,review because candidate needs manual validation,HUMAN_VERIFIED,manual_clip_review,HIGH,CONFIRMED,your-name,Manually reviewed and confirmed Tupac witness-speaking rows,YES,,,UNREVIEWED,,,,,,UNKNOWN,,,UNKNOWN,UNKNOWN,,,FAILED:TalkNet failed for DiurriBQxVs_turn00004; see /Users/rajeshpmu/Desktop/LegalMemoCMT/data/processed/phase2/tupac/talknet_work/DiurriBQxVs_turn00004/talknet.log,TaoRuijie/TalkNet-ASD pretrained TalkSet model
DiurriBQxVs_turn00167,DiurriBQxVs_turn00167,DiurriBQxVs,,,,,/Users/rajeshpmu/Desktop/LegalMemoCMT/data/phase2/tupac/corpus/raw/keefe-d-s-lawyer-cross-exams-ex-suge-knight-security-reggie-wright-abo/keefe-d-s-lawyer-cross-exams-ex-suge-knight-security-reggie-wright-abo_DiurriBQxVs.en.vtt,/Users/rajeshpmu/Desktop/LegalMemoCMT/data/processed/phase2/tupac/turn_clips/video/DiurriBQxVs/DiurriBQxVs_turn00167.mp4,/Users/rajeshpmu/Desktop/LegalMemoCMT/data/processed/phase2/tupac/turn_clips/audio/DiurriBQxVs/DiurriBQxVs_turn00167.wav,,,,,,,,,YES,"My company Right Way was making money, but I also received a salary from Death Row.","My company Right Way was making money, but I also received a salary from Death Row.",00:17:19.915,00:17:23.576,3.661,3.661,marker,MEDIUM,1,7,"DiurriBQxVs_utt01111#p02,DiurriBQxVs_utt01112#p01,DiurriBQxVs_utt01113#p01,DiurriBQxVs_utt01114#p01,DiurriBQxVs_utt01115#p01,DiurriBQxVs_utt01116#p01,DiurriBQxVs_utt01117#p01","DiurriBQxVs_utt01111,DiurriBQxVs_utt01112,DiurriBQxVs_utt01113,DiurriBQxVs_utt01114,DiurriBQxVs_utt01115,DiurriBQxVs_utt01116,DiurriBQxVs_utt01117",7,SPEAKER_00,2.974,pyannote/speaker-diarization-3.1,Witness,manual_verified_diarization,HIGH,,,YES,SPEAKING,UNKNOWN,UNKNOWN,/Users/rajeshpmu/Desktop/LegalMemoCMT/data/phase2/tupac/corpus/raw/keefe-d-s-lawyer-cross-exams-ex-suge-knight-security-reggie-wright-abo/keefe-d-s-lawyer-cross-exams-ex-suge-knight-security-reggie-wright-abo_DiurriBQxVs.mp4,/Users/rajeshpmu/Desktop/LegalMemoCMT/data/phase2/tupac/corpus/raw/keefe-d-s-lawyer-cross-exams-ex-suge-knight-security-reggie-wright-abo/keefe-d-s-lawyer-cross-exams-ex-suge-knight-security-reggie-wright-abo_DiurriBQxVs.wav,/Users/rajeshpmu/Desktop/LegalMemoCMT/data/processed/phase2/tupac/turn_clips/video/DiurriBQxVs/DiurriBQxVs_turn00167.mp4,/Users/rajeshpmu/Desktop/LegalMemoCMT/data/processed/phase2/tupac/turn_clips/audio/DiurriBQxVs/DiurriBQxVs_turn00167.wav,1039.915,1043.576,3.661,reused,00:17:19.915,00:17:23.576,0.000,default_zero,YES,speaker_role=Witness,review,review because candidate needs manual validation,HUMAN_VERIFIED,manual_clip_review,HIGH,CONFIRMED,your-name,Manually reviewed and confirmed Tupac witness-speaking rows,YES,,,UNREVIEWED,,,,,,UNKNOWN,,,UNKNOWN,UNKNOWN,,,FAILED:TalkNet failed for DiurriBQxVs_turn00167; see /Users/rajeshpmu/Desktop/LegalMemoCMT/data/processed/phase2/tupac/talknet_work/DiurriBQxVs_turn00167/talknet.log,TaoRuijie/TalkNet-ASD pretrained TalkSet model
DiurriBQxVs_turn00171,DiurriBQxVs_turn00171,DiurriBQxVs,,,,,/Users/rajeshpmu/Desktop/LegalMemoCMT/data/phase2/tupac/corpus/raw/keefe-d-s-lawyer-cross-exams-ex-suge-knight-security-reggie-wright-abo/keefe-d-s-lawyer-cross-exams-ex-suge-knight-security-reggie-wright-abo_DiurriBQxVs.en.vtt,/Users/rajeshpmu/Desktop/LegalMemoCMT/data/processed/phase2/tupac/turn_clips/video/DiurriBQxVs/DiurriBQxVs_turn00171.mp4,/Users/rajeshpmu/Desktop/LegalMemoCMT/data/processed/phase2/tupac/turn_clips/audio/DiurriBQxVs/DiurriBQxVs_turn00171.wav,,,,,,,,,YES,On that particular night that when I'm more Some would say at one point Suge's right-hand guy. But my main focus was Suge Knight entities. Wasn't just the recording orders. Wasn't just the record club. It was everything that Mr. Knight was trying to invest in at the time.,On that particular night that when I'm more Some would say at one point Suge's right-hand guy. But my main focus was Suge Knight entities. Wasn't just the recording orders. Wasn't just the record club. It was everything that Mr. Knight was trying to invest in at the time.,00:17:43.070,00:18:03.790,20.720,20.720,marker,MEDIUM,1,24,"DiurriBQxVs_utt01134#p01,DiurriBQxVs_utt01135#p01,DiurriBQxVs_utt01136#p01,DiurriBQxVs_utt01137#p01,DiurriBQxVs_utt01138#p01,DiurriBQxVs_utt01139#p01,DiurriBQxVs_utt01140#p01,DiurriBQxVs_utt01141#p01,DiurriBQxVs_utt01142#p01,DiurriBQxVs_utt01143#p01,DiurriBQxVs_utt01144#p01,DiurriBQxVs_utt01145#p01,DiurriBQxVs_utt01146#p01,DiurriBQxVs_utt01147#p01,DiurriBQxVs_utt01148#p01,DiurriBQxVs_utt01149#p01,DiurriBQxVs_utt01150#p01,DiurriBQxVs_utt01151#p01,DiurriBQxVs_utt01152#p01,DiurriBQxVs_utt01153#p01,DiurriBQxVs_utt01154#p01,DiurriBQxVs_utt01155#p01,DiurriBQxVs_utt01156#p01,DiurriBQxVs_utt01157#p01","DiurriBQxVs_utt01134,DiurriBQxVs_utt01135,DiurriBQxVs_utt01136,DiurriBQxVs_utt01137,DiurriBQxVs_utt01138,DiurriBQxVs_utt01139,DiurriBQxVs_utt01140,DiurriBQxVs_utt01141,DiurriBQxVs_utt01142,DiurriBQxVs_utt01143,DiurriBQxVs_utt01144,DiurriBQxVs_utt01145,DiurriBQxVs_utt01146,DiurriBQxVs_utt01147,DiurriBQxVs_utt01148,DiurriBQxVs_utt01149,DiurriBQxVs_utt01150,DiurriBQxVs_utt01151,DiurriBQxVs_utt01152,DiurriBQxVs_utt01153,DiurriBQxVs_utt01154,DiurriBQxVs_utt01155,DiurriBQxVs_utt01156,DiurriBQxVs_utt01157",24,SPEAKER_00,3.054,pyannote/speaker-diarization-3.1,Witness,manual_verified_diarization,HIGH,,,YES,SPEAKING,UNKNOWN,UNKNOWN,/Users/rajeshpmu/Desktop/LegalMemoCMT/data/phase2/tupac/corpus/raw/keefe-d-s-lawyer-cross-exams-ex-suge-knight-security-reggie-wright-abo/keefe-d-s-lawyer-cross-exams-ex-suge-knight-security-reggie-wright-abo_DiurriBQxVs.mp4,/Users/rajeshpmu/Desktop/LegalMemoCMT/data/phase2/tupac/corpus/raw/keefe-d-s-lawyer-cross-exams-ex-suge-knight-security-reggie-wright-abo/keefe-d-s-lawyer-cross-exams-ex-suge-knight-security-reggie-wright-abo_DiurriBQxVs.wav,/Users/rajeshpmu/Desktop/LegalMemoCMT/data/processed/phase2/tupac/turn_clips/video/DiurriBQxVs/DiurriBQxVs_turn00171.mp4,/Users/rajeshpmu/Desktop/LegalMemoCMT/data/processed/phase2/tupac/turn_clips/audio/DiurriBQxVs/DiurriBQxVs_turn00171.wav,1063.070,1083.790,20.720,reused,00:17:43.070,00:18:03.790,0.000,default_zero,YES,speaker_role=Witness,review,review because candidate needs manual validation,HUMAN_VERIFIED,manual_clip_review,HIGH,CONFIRMED,your-name,Manually reviewed and confirmed Tupac witness-speaking rows,YES,,,UNREVIEWED,,,,,,UNKNOWN,,,UNKNOWN,UNKNOWN,,,FAILED:TalkNet failed for DiurriBQxVs_turn00171; see /Users/rajeshpmu/Desktop/LegalMemoCMT/data/processed/phase2/tupac/talknet_work/DiurriBQxVs_turn00171/talknet.log,TaoRuijie/TalkNet-ASD pretrained TalkSet model
DiurriBQxVs_turn00177,DiurriBQxVs_turn00177,DiurriBQxVs,,,,,/Users/rajeshpmu/Desktop/LegalMemoCMT/data/phase2/tupac/corpus/raw/keefe-d-s-lawyer-cross-exams-ex-suge-knight-security-reggie-wright-abo/keefe-d-s-lawyer-cross-exams-ex-suge-knight-security-reggie-wright-abo_DiurriBQxVs.en.vtt,/Users/rajeshpmu/Desktop/LegalMemoCMT/data/processed/phase2/tupac/turn_clips/video/DiurriBQxVs/DiurriBQxVs_turn00177.mp4,/Users/rajeshpmu/Desktop/LegalMemoCMT/data/processed/phase2/tupac/turn_clips/audio/DiurriBQxVs/DiurriBQxVs_turn00177.wav,,,,,,,,,YES,I we didn't do that. Right Way didn't do that.,I we didn't do that. Right Way didn't do that.,00:18:22.146,00:18:24.230,2.084,2.084,marker,MEDIUM,1,5,"DiurriBQxVs_utt01179#p02,DiurriBQxVs_utt01180#p01,DiurriBQxVs_utt01181#p01,DiurriBQxVs_utt01182#p01,DiurriBQxVs_utt01183#p01","DiurriBQxVs_utt01179,DiurriBQxVs_utt01180,DiurriBQxVs_utt01181,DiurriBQxVs_utt01182,DiurriBQxVs_utt01183",5,SPEAKER_00,1.459,pyannote/speaker-diarization-3.1,Witness,manual_verified_diarization,HIGH,,,YES,SPEAKING,UNKNOWN,UNKNOWN,/Users/rajeshpmu/Desktop/LegalMemoCMT/data/phase2/tupac/corpus/raw/keefe-d-s-lawyer-cross-exams-ex-suge-knight-security-reggie-wright-abo/keefe-d-s-lawyer-cross-exams-ex-suge-knight-security-reggie-wright-abo_DiurriBQxVs.mp4,/Users/rajeshpmu/Desktop/LegalMemoCMT/data/phase2/tupac/corpus/raw/keefe-d-s-lawyer-cross-exams-ex-suge-knight-security-reggie-wright-abo/keefe-d-s-lawyer-cross-exams-ex-suge-knight-security-reggie-wright-abo_DiurriBQxVs.wav,/Users/rajeshpmu/Desktop/LegalMemoCMT/data/processed/phase2/tupac/turn_clips/video/DiurriBQxVs/DiurriBQxVs_turn00177.mp4,/Users/rajeshpmu/Desktop/LegalMemoCMT/data/processed/phase2/tupac/turn_clips/audio/DiurriBQxVs/DiurriBQxVs_turn00177.wav,1102.146,1104.230,2.084,reused,00:18:22.146,00:18:24.230,0.000,default_zero,YES,speaker_role=Witness,review,review because candidate needs manual validation,HUMAN_VERIFIED,manual_clip_review,HIGH,CONFIRMED,your-name,Manually reviewed and confirmed Tupac witness-speaking rows,YES,,,UNREVIEWED,,,,,,UNKNOWN,,,UNKNOWN,UNKNOWN,,,FAILED:TalkNet failed for DiurriBQxVs_turn00177; see /Users/rajeshpmu/Desktop/LegalMemoCMT/data/processed/phase2/tupac/talknet_work/DiurriBQxVs_turn00177/talknet.log,TaoRuijie/TalkNet-ASD pretrained TalkSet model
DiurriBQxVs_turn00179,DiurriBQxVs_turn00179,DiurriBQxVs,,,,,/Users/rajeshpmu/Desktop/LegalMemoCMT/data/phase2/tupac/corpus/raw/keefe-d-s-lawyer-cross-exams-ex-suge-knight-security-reggie-wright-abo/keefe-d-s-lawyer-cross-exams-ex-suge-knight-security-reggie-wright-abo_DiurriBQxVs.en.vtt,/Users/rajeshpmu/Desktop/LegalMemoCMT/data/processed/phase2/tupac/turn_clips/video/DiurriBQxVs/DiurriBQxVs_turn00179.mp4,/Users/rajeshpmu/Desktop/LegalMemoCMT/data/processed/phase2/tupac/turn_clips/audio/DiurriBQxVs/DiurriBQxVs_turn00179.wav,,,,,,,,,YES,"Mob James wasn't one of those employees. Like I said, he was just called on special events. I only think James made his money by guys in the line that were ballers or shot callers or whatever that he would bring to the front of the line.","Mob James wasn't one of those employees. Like I said, he was just called on special events. I only think James made his money by guys in the line that were ballers or shot callers or whatever that he would bring to the front of the line.",00:18:36.013,00:18:52.640,16.627,16.627,marker,MEDIUM,1,17,"DiurriBQxVs_utt01195#p02,DiurriBQxVs_utt01196#p01,DiurriBQxVs_utt01197#p01,DiurriBQxVs_utt01198#p01,DiurriBQxVs_utt01199#p01,DiurriBQxVs_utt01200#p01,DiurriBQxVs_utt01201#p01,DiurriBQxVs_utt01202#p01,DiurriBQxVs_utt01203#p01,DiurriBQxVs_utt01204#p01,DiurriBQxVs_utt01205#p01,DiurriBQxVs_utt01206#p01,DiurriBQxVs_utt01207#p01,DiurriBQxVs_utt01208#p01,DiurriBQxVs_utt01209#p01,DiurriBQxVs_utt01210#p01,DiurriBQxVs_utt01211#p01","DiurriBQxVs_utt01195,DiurriBQxVs_utt01196,DiurriBQxVs_utt01197,DiurriBQxVs_utt01198,DiurriBQxVs_utt01199,DiurriBQxVs_utt01200,DiurriBQxVs_utt01201,DiurriBQxVs_utt01202,DiurriBQxVs_utt01203,DiurriBQxVs_utt01204,DiurriBQxVs_utt01205,DiurriBQxVs_utt01206,DiurriBQxVs_utt01207,DiurriBQxVs_utt01208,DiurriBQxVs_utt01209,DiurriBQxVs_utt01210,DiurriBQxVs_utt01211",17,SPEAKER_00,12.399,pyannote/speaker-diarization-3.1,Witness,manual_verified_diarization,HIGH,,,YES,SPEAKING,UNKNOWN,UNKNOWN,/Users/rajeshpmu/Desktop/LegalMemoCMT/data/phase2/tupac/corpus/raw/keefe-d-s-lawyer-cross-exams-ex-suge-knight-security-reggie-wright-abo/keefe-d-s-lawyer-cross-exams-ex-suge-knight-security-reggie-wright-abo_DiurriBQxVs.mp4,/Users/rajeshpmu/Desktop/LegalMemoCMT/data/phase2/tupac/corpus/raw/keefe-d-s-lawyer-cross-exams-ex-suge-knight-security-reggie-wright-abo/keefe-d-s-lawyer-cross-exams-ex-suge-knight-security-reggie-wright-abo_DiurriBQxVs.wav,/Users/rajeshpmu/Desktop/LegalMemoCMT/data/processed/phase2/tupac/turn_clips/video/DiurriBQxVs/DiurriBQxVs_turn00179.mp4,/Users/rajeshpmu/Desktop/LegalMemoCMT/data/processed/phase2/tupac/turn_clips/audio/DiurriBQxVs/DiurriBQxVs_turn00179.wav,1116.013,1132.640,16.627,reused,00:18:36.013,00:18:52.640,0.000,default_zero,YES,speaker_role=Witness,review,review because candidate needs manual validation,HUMAN_VERIFIED,manual_clip_review,HIGH,CONFIRMED,your-name,Manually reviewed and confirmed Tupac witness-speaking rows,YES,,,UNREVIEWED,,,,,,UNKNOWN,,,UNKNOWN,UNKNOWN,,,FAILED:TalkNet failed for DiurriBQxVs_turn00179; see /Users/rajeshpmu/Desktop/LegalMemoCMT/data/processed/phase2/tupac/talknet_work/DiurriBQxVs_turn00179/talknet.log,TaoRuijie/TalkNet-ASD pretrained TalkSet model
DiurriBQxVs_turn00018,DiurriBQxVs_turn00018,DiurriBQxVs,,,,,/Users/rajeshpmu/Desktop/LegalMemoCMT/data/phase2/tupac/corpus/raw/keefe-d-s-lawyer-cross-exams-ex-suge-knight-security-reggie-wright-abo/keefe-d-s-lawyer-cross-exams-ex-suge-knight-security-reggie-wright-abo_DiurriBQxVs.en.vtt,/Users/rajeshpmu/Desktop/LegalMemoCMT/data/processed/phase2/tupac/turn_clips/video/DiurriBQxVs/DiurriBQxVs_turn00018.mp4,/Users/rajeshpmu/Desktop/LegalMemoCMT/data/processed/phase2/tupac/turn_clips/audio/DiurriBQxVs/DiurriBQxVs_turn00018.wav,,,,,,,,,YES,"Kevin Gaffney but to say you can make $5,000 or $10,000, I of have conversation like that with Detective Log.","Kevin Gaffney but to say you can make $5,000 or $10,000, I of have conversation like that with Detective Log.",00:01:53.662,00:02:00.857,7.195,7.195,marker,MEDIUM,1,9,"DiurriBQxVs_utt00113#p02,DiurriBQxVs_utt00114#p01,DiurriBQxVs_utt00115#p01,DiurriBQxVs_utt00116#p01,DiurriBQxVs_utt00117#p01,DiurriBQxVs_utt00118#p01,DiurriBQxVs_utt00119#p01,DiurriBQxVs_utt00120#p01,DiurriBQxVs_utt00121#p01","DiurriBQxVs_utt00113,DiurriBQxVs_utt00114,DiurriBQxVs_utt00115,DiurriBQxVs_utt00116,DiurriBQxVs_utt00117,DiurriBQxVs_utt00118,DiurriBQxVs_utt00119,DiurriBQxVs_utt00120,DiurriBQxVs_utt00121",9,SPEAKER_00,4.156,pyannote/speaker-diarization-3.1,Witness,manual_verified_diarization,HIGH,,,YES,SPEAKING,UNKNOWN,UNKNOWN,/Users/rajeshpmu/Desktop/LegalMemoCMT/data/phase2/tupac/corpus/raw/keefe-d-s-lawyer-cross-exams-ex-suge-knight-security-reggie-wright-abo/keefe-d-s-lawyer-cross-exams-ex-suge-knight-security-reggie-wright-abo_DiurriBQxVs.mp4,/Users/rajeshpmu/Desktop/LegalMemoCMT/data/phase2/tupac/corpus/raw/keefe-d-s-lawyer-cross-exams-ex-suge-knight-security-reggie-wright-abo/keefe-d-s-lawyer-cross-exams-ex-suge-knight-security-reggie-wright-abo_DiurriBQxVs.wav,/Users/rajeshpmu/Desktop/LegalMemoCMT/data/processed/phase2/tupac/turn_clips/video/DiurriBQxVs/DiurriBQxVs_turn00018.mp4,/Users/rajeshpmu/Desktop/LegalMemoCMT/data/processed/phase2/tupac/turn_clips/audio/DiurriBQxVs/DiurriBQxVs_turn00018.wav,113.662,120.857,7.195,reused,00:01:53.662,00:02:00.857,0.000,default_zero,YES,speaker_role=Witness,review,review because candidate needs manual validation,HUMAN_VERIFIED,manual_clip_review,HIGH,CONFIRMED,your-name,Manually reviewed and confirmed Tupac witness-speaking rows,YES,,,UNREVIEWED,,,,,,UNKNOWN,,,UNKNOWN,UNKNOWN,,,FAILED:TalkNet failed for DiurriBQxVs_turn00018; see /Users/rajeshpmu/Desktop/LegalMemoCMT/data/processed/phase2/tupac/talknet_work/DiurriBQxVs_turn00018/talknet.log,TaoRuijie/TalkNet-ASD pretrained TalkSet model
DiurriBQxVs_turn00182,DiurriBQxVs_turn00182,DiurriBQxVs,,,,,/Users/rajeshpmu/Desktop/LegalMemoCMT/data/phase2/tupac/corpus/raw/keefe-d-s-lawyer-cross-exams-ex-suge-knight-security-reggie-wright-abo/keefe-d-s-lawyer-cross-exams-ex-suge-knight-security-reggie-wright-abo_DiurriBQxVs.en.vtt,/Users/rajeshpmu/Desktop/LegalMemoCMT/data/processed/phase2/tupac/turn_clips/video/DiurriBQxVs/DiurriBQxVs_turn00182.mp4,/Users/rajeshpmu/Desktop/LegalMemoCMT/data/processed/phase2/tupac/turn_clips/audio/DiurriBQxVs/DiurriBQxVs_turn00182.wav,,,,,,,,,YES,Where were you?,Where were you?,00:19:01.678,00:19:03.356,1.678,1.678,marker,MEDIUM,1,3,"DiurriBQxVs_utt01223#p02,DiurriBQxVs_utt01224#p01,DiurriBQxVs_utt01225#p01","DiurriBQxVs_utt01223,DiurriBQxVs_utt01224,DiurriBQxVs_utt01225",3,SPEAKER_00,0.668,pyannote/speaker-diarization-3.1,Witness,manual_verified_diarization,HIGH,,,YES,SPEAKING,UNKNOWN,UNKNOWN,/Users/rajeshpmu/Desktop/LegalMemoCMT/data/phase2/tupac/corpus/raw/keefe-d-s-lawyer-cross-exams-ex-suge-knight-security-reggie-wright-abo/keefe-d-s-lawyer-cross-exams-ex-suge-knight-security-reggie-wright-abo_DiurriBQxVs.mp4,/Users/rajeshpmu/Desktop/LegalMemoCMT/data/phase2/tupac/corpus/raw/keefe-d-s-lawyer-cross-exams-ex-suge-knight-security-reggie-wright-abo/keefe-d-s-lawyer-cross-exams-ex-suge-knight-security-reggie-wright-abo_DiurriBQxVs.wav,/Users/rajeshpmu/Desktop/LegalMemoCMT/data/processed/phase2/tupac/turn_clips/video/DiurriBQxVs/DiurriBQxVs_turn00182.mp4,/Users/rajeshpmu/Desktop/LegalMemoCMT/data/processed/phase2/tupac/turn_clips/audio/DiurriBQxVs/DiurriBQxVs_turn00182.wav,1141.678,1143.356,1.678,reused,00:19:01.678,00:19:03.356,0.000,default_zero,YES,speaker_role=Witness,review,review because candidate needs manual validation,HUMAN_VERIFIED,manual_clip_review,HIGH,CONFIRMED,your-name,Manually reviewed and confirmed Tupac witness-speaking rows,YES,,,UNREVIEWED,,,,,,UNKNOWN,,,UNKNOWN,UNKNOWN,,,FAILED:TalkNet failed for DiurriBQxVs_turn00182; see /Users/rajeshpmu/Desktop/LegalMemoCMT/data/processed/phase2/tupac/talknet_work/DiurriBQxVs_turn00182/talknet.log,TaoRuijie/TalkNet-ASD pretrained TalkSet model
DiurriBQxVs_turn00187,DiurriBQxVs_turn00187,DiurriBQxVs,,,,,/Users/rajeshpmu/Desktop/LegalMemoCMT/data/phase2/tupac/corpus/raw/keefe-d-s-lawyer-cross-exams-ex-suge-knight-security-reggie-wright-abo/keefe-d-s-lawyer-cross-exams-ex-suge-knight-security-reggie-wright-abo_DiurriBQxVs.en.vtt,/Users/rajeshpmu/Desktop/LegalMemoCMT/data/processed/phase2/tupac/turn_clips/video/DiurriBQxVs/DiurriBQxVs_turn00187.mp4,/Users/rajeshpmu/Desktop/LegalMemoCMT/data/processed/phase2/tupac/turn_clips/audio/DiurriBQxVs/DiurriBQxVs_turn00187.wav,,,,,,,,,YES,"In the streets. Meaning when we out and about. He had an office staff, assistants, Mr. Anderson and Mr. Tessway, Roy, that were there in the office, but generally um if I call Sugar, he'll pick up.","In the streets. Meaning when we out and about. He had an office staff, assistants, Mr. Anderson and Mr. Tessway, Roy, that were there in the office, but generally um if I call Sugar, he'll pick up.",00:20:23.837,00:20:37.204,13.367,13.367,marker,MEDIUM,1,15,"DiurriBQxVs_utt01307#p02,DiurriBQxVs_utt01308#p01,DiurriBQxVs_utt01309#p01,DiurriBQxVs_utt01310#p01,DiurriBQxVs_utt01311#p01,DiurriBQxVs_utt01312#p01,DiurriBQxVs_utt01313#p01,DiurriBQxVs_utt01314#p01,DiurriBQxVs_utt01315#p01,DiurriBQxVs_utt01316#p01,DiurriBQxVs_utt01317#p01,DiurriBQxVs_utt01318#p01,DiurriBQxVs_utt01319#p01,DiurriBQxVs_utt01320#p01,DiurriBQxVs_utt01321#p01","DiurriBQxVs_utt01307,DiurriBQxVs_utt01308,DiurriBQxVs_utt01309,DiurriBQxVs_utt01310,DiurriBQxVs_utt01311,DiurriBQxVs_utt01312,DiurriBQxVs_utt01313,DiurriBQxVs_utt01314,DiurriBQxVs_utt01315,DiurriBQxVs_utt01316,DiurriBQxVs_utt01317,DiurriBQxVs_utt01318,DiurriBQxVs_utt01319,DiurriBQxVs_utt01320,DiurriBQxVs_utt01321",15,SPEAKER_00,5.096,pyannote/speaker-diarization-3.1,Witness,manual_verified_diarization,HIGH,,,YES,SPEAKING,UNKNOWN,UNKNOWN,/Users/rajeshpmu/Desktop/LegalMemoCMT/data/phase2/tupac/corpus/raw/keefe-d-s-lawyer-cross-exams-ex-suge-knight-security-reggie-wright-abo/keefe-d-s-lawyer-cross-exams-ex-suge-knight-security-reggie-wright-abo_DiurriBQxVs.mp4,/Users/rajeshpmu/Desktop/LegalMemoCMT/data/phase2/tupac/corpus/raw/keefe-d-s-lawyer-cross-exams-ex-suge-knight-security-reggie-wright-abo/keefe-d-s-lawyer-cross-exams-ex-suge-knight-security-reggie-wright-abo_DiurriBQxVs.wav,/Users/rajeshpmu/Desktop/LegalMemoCMT/data/processed/phase2/tupac/turn_clips/video/DiurriBQxVs/DiurriBQxVs_turn00187.mp4,/Users/rajeshpmu/Desktop/LegalMemoCMT/data/processed/phase2/tupac/turn_clips/audio/DiurriBQxVs/DiurriBQxVs_turn00187.wav,1223.837,1237.204,13.367,reused,00:20:23.837,00:20:37.204,0.000,default_zero,YES,speaker_role=Witness,review,review because candidate needs manual validation,HUMAN_VERIFIED,manual_clip_review,HIGH,CONFIRMED,your-name,Manually reviewed and confirmed Tupac witness-speaking rows,YES,,,UNREVIEWED,,,,,,UNKNOWN,,,UNKNOWN,UNKNOWN,,,FAILED:TalkNet failed for DiurriBQxVs_turn00187; see /Users/rajeshpmu/Desktop/LegalMemoCMT/data/processed/phase2/tupac/talknet_work/DiurriBQxVs_turn00187/talknet.log,TaoRuijie/TalkNet-ASD pretrained TalkSet model
DiurriBQxVs_turn00191,DiurriBQxVs_turn00191,DiurriBQxVs,,,,,/Users/rajeshpmu/Desktop/LegalMemoCMT/data/phase2/tupac/corpus/raw/keefe-d-s-lawyer-cross-exams-ex-suge-knight-security-reggie-wright-abo/keefe-d-s-lawyer-cross-exams-ex-suge-knight-security-reggie-wright-abo_DiurriBQxVs.en.vtt,/Users/rajeshpmu/Desktop/LegalMemoCMT/data/processed/phase2/tupac/turn_clips/video/DiurriBQxVs/DiurriBQxVs_turn00191.mp4,/Users/rajeshpmu/Desktop/LegalMemoCMT/data/processed/phase2/tupac/turn_clips/audio/DiurriBQxVs/DiurriBQxVs_turn00191.wav,,,,,,,,,YES,"His bodyguard Frank called, but he got on the phone.","His bodyguard Frank called, but he got on the phone.",00:20:52.029,00:20:54.662,2.633,2.633,marker,MEDIUM,1,5,"DiurriBQxVs_utt01339#p02,DiurriBQxVs_utt01340#p01,DiurriBQxVs_utt01341#p01,DiurriBQxVs_utt01342#p01,DiurriBQxVs_utt01343#p01","DiurriBQxVs_utt01339,DiurriBQxVs_utt01340,DiurriBQxVs_utt01341,DiurriBQxVs_utt01342,DiurriBQxVs_utt01343",5,SPEAKER_00,2.506,pyannote/speaker-diarization-3.1,Witness,manual_verified_diarization,HIGH,,,YES,SPEAKING,UNKNOWN,UNKNOWN,/Users/rajeshpmu/Desktop/LegalMemoCMT/data/phase2/tupac/corpus/raw/keefe-d-s-lawyer-cross-exams-ex-suge-knight-security-reggie-wright-abo/keefe-d-s-lawyer-cross-exams-ex-suge-knight-security-reggie-wright-abo_DiurriBQxVs.mp4,/Users/rajeshpmu/Desktop/LegalMemoCMT/data/phase2/tupac/corpus/raw/keefe-d-s-lawyer-cross-exams-ex-suge-knight-security-reggie-wright-abo/keefe-d-s-lawyer-cross-exams-ex-suge-knight-security-reggie-wright-abo_DiurriBQxVs.wav,/Users/rajeshpmu/Desktop/LegalMemoCMT/data/processed/phase2/tupac/turn_clips/video/DiurriBQxVs/DiurriBQxVs_turn00191.mp4,/Users/rajeshpmu/Desktop/LegalMemoCMT/data/processed/phase2/tupac/turn_clips/audio/DiurriBQxVs/DiurriBQxVs_turn00191.wav,1252.029,1254.662,2.633,reused,00:20:52.029,00:20:54.662,0.000,default_zero,YES,speaker_role=Witness,review,review because candidate needs manual validation,HUMAN_VERIFIED,manual_clip_review,HIGH,CONFIRMED,your-name,Manually reviewed and confirmed Tupac witness-speaking rows,YES,,,UNREVIEWED,,,,,,UNKNOWN,,,UNKNOWN,UNKNOWN,,,FAILED:TalkNet failed for DiurriBQxVs_turn00191; see /Users/rajeshpmu/Desktop/LegalMemoCMT/data/processed/phase2/tupac/talknet_work/DiurriBQxVs_turn00191/talknet.log,TaoRuijie/TalkNet-ASD pretrained TalkSet model
DiurriBQxVs_turn00193,DiurriBQxVs_turn00193,DiurriBQxVs,,,,,/Users/rajeshpmu/Desktop/LegalMemoCMT/data/phase2/tupac/corpus/raw/keefe-d-s-lawyer-cross-exams-ex-suge-knight-security-reggie-wright-abo/keefe-d-s-lawyer-cross-exams-ex-suge-knight-security-reggie-wright-abo_DiurriBQxVs.en.vtt,/Users/rajeshpmu/Desktop/LegalMemoCMT/data/processed/phase2/tupac/turn_clips/video/DiurriBQxVs/DiurriBQxVs_turn00193.mp4,/Users/rajeshpmu/Desktop/LegalMemoCMT/data/processed/phase2/tupac/turn_clips/audio/DiurriBQxVs/DiurriBQxVs_turn00193.wav,,,,,,,,,YES,"You know the thing about Mr. Shakur, he he's a hands-on guy.","You know the thing about Mr. Shakur, he he's a hands-on guy.",00:20:55.066,00:20:58.698,3.632,3.632,marker,MEDIUM,1,5,"DiurriBQxVs_utt01345#p02,DiurriBQxVs_utt01346#p01,DiurriBQxVs_utt01347#p01,DiurriBQxVs_utt01348#p01,DiurriBQxVs_utt01349#p01","DiurriBQxVs_utt01345,DiurriBQxVs_utt01346,DiurriBQxVs_utt01347,DiurriBQxVs_utt01348,DiurriBQxVs_utt01349",5,SPEAKER_00,1.697,pyannote/speaker-diarization-3.1,Witness,manual_verified_diarization,HIGH,,,YES,SPEAKING,UNKNOWN,UNKNOWN,/Users/rajeshpmu/Desktop/LegalMemoCMT/data/phase2/tupac/corpus/raw/keefe-d-s-lawyer-cross-exams-ex-suge-knight-security-reggie-wright-abo/keefe-d-s-lawyer-cross-exams-ex-suge-knight-security-reggie-wright-abo_DiurriBQxVs.mp4,/Users/rajeshpmu/Desktop/LegalMemoCMT/data/phase2/tupac/corpus/raw/keefe-d-s-lawyer-cross-exams-ex-suge-knight-security-reggie-wright-abo/keefe-d-s-lawyer-cross-exams-ex-suge-knight-security-reggie-wright-abo_DiurriBQxVs.wav,/Users/rajeshpmu/Desktop/LegalMemoCMT/data/processed/phase2/tupac/turn_clips/video/DiurriBQxVs/DiurriBQxVs_turn00193.mp4,/Users/rajeshpmu/Desktop/LegalMemoCMT/data/processed/phase2/tupac/turn_clips/audio/DiurriBQxVs/DiurriBQxVs_turn00193.wav,1255.066,1258.698,3.632,reused,00:20:55.066,00:20:58.698,0.000,default_zero,YES,speaker_role=Witness,review,review because candidate needs manual validation,HUMAN_VERIFIED,manual_clip_review,HIGH,CONFIRMED,your-name,Manually reviewed and confirmed Tupac witness-speaking rows,YES,,,UNREVIEWED,,,,,,UNKNOWN,,,UNKNOWN,UNKNOWN,,,FAILED:TalkNet failed for DiurriBQxVs_turn00193; see /Users/rajeshpmu/Desktop/LegalMemoCMT/data/processed/phase2/tupac/talknet_work/DiurriBQxVs_turn00193/talknet.log,TaoRuijie/TalkNet-ASD pretrained TalkSet model
