row_id,source_url,youtube_id,title,uploader,upload_date,duration_seconds,video_path,audio_path,subtitle_path,video_status,audio_status,subtitle_status,media_verified,notes
1,https://www.youtube.com/watch?v=sHUdRcABC-Q,sHUdRcABC-Q,Psychiatrist Details Lindsay Clancy’s Hallucinations,Law&Crime Trials,20260803,2200,/Users/rajeshpmu/Desktop/LegalMemoCMT/data/phase2/clancy/corpus/raw/psychiatrist-details-lindsay-clancy-s-hallucinations/psychiatrist-details-lindsay-clancy-s-hallucinations_sHUdRcABC-Q.mp4,/Users/rajeshpmu/Desktop/LegalMemoCMT/data/phase2/clancy/corpus/raw/psychiatrist-details-lindsay-clancy-s-hallucinations/psychiatrist-details-lindsay-clancy-s-hallucinations_sHUdRcABC-Q.wav,/Users/rajeshpmu/Desktop/LegalMemoCMT/data/phase2/clancy/corpus/raw/psychiatrist-details-lindsay-clancy-s-hallucinations/psychiatrist-details-lindsay-clancy-s-hallucinations_sHUdRcABC-Q.en.vtt,exists,exists,exists,YES,"video_verify=/Users/rajeshpmu/Desktop/LegalMemoCMT/data/phase2/clancy/corpus/raw/psychiatrist-details-lindsay-clancy-s-hallucinations/psychiatrist-details-lindsay-clancy-s-hallucinations_sHUdRcABC-Q.mp4: ISO Media, MP4 Base Media v1 [ISO 14496-12:2003]; audio_verify=/Users/rajeshpmu/Desktop/LegalMemoCMT/data/phase2/clancy/corpus/raw/psychiatrist-details-lindsay-clancy-s-hallucinations/psychiatrist-details-lindsay-clancy-s-hallucinations_sHUdRcABC-Q.wav: RIFF (little-endian) data, WAVE audio, Microsoft PCM, 16 bit, mono 16000 Hz"
2,https://www.youtube.com/watch?v=ZJd1Lk4w-qo,ZJd1Lk4w-qo,Dr. Alia Goodheart — Psychiatrist | Full Testimony | MA v. Lindsay Clancy,COURT TV,20260809,7456,/Users/rajeshpmu/Desktop/LegalMemoCMT/data/phase2/clancy/corpus/raw/dr-alia-goodheart-psychiatrist-full-testimony-ma-v-lindsay-clancy/dr-alia-goodheart-psychiatrist-full-testimony-ma-v-lindsay-clancy_ZJd1Lk4w-qo.mp4,/Users/rajeshpmu/Desktop/LegalMemoCMT/data/phase2/clancy/corpus/raw/dr-alia-goodheart-psychiatrist-full-testimony-ma-v-lindsay-clancy/dr-alia-goodheart-psychiatrist-full-testimony-ma-v-lindsay-clancy_ZJd1Lk4w-qo.wav,/Users/rajeshpmu/Desktop/LegalMemoCMT/data/phase2/clancy/corpus/raw/dr-alia-goodheart-psychiatrist-full-testimony-ma-v-lindsay-clancy/dr-alia-goodheart-psychiatrist-full-testimony-ma-v-lindsay-clancy_ZJd1Lk4w-qo.en.vtt,exists,exists,exists,YES,"video_verify=/Users/rajeshpmu/Desktop/LegalMemoCMT/data/phase2/clancy/corpus/raw/dr-alia-goodheart-psychiatrist-full-testimony-ma-v-lindsay-clancy/dr-alia-goodheart-psychiatrist-full-testimony-ma-v-lindsay-clancy_ZJd1Lk4w-qo.mp4: ISO Media, MP4 Base Media v1 [ISO 14496-12:2003]; audio_verify=/Users/rajeshpmu/Desktop/LegalMemoCMT/data/phase2/clancy/corpus/raw/dr-alia-goodheart-psychiatrist-full-testimony-ma-v-lindsay-clancy/dr-alia-goodheart-psychiatrist-full-testimony-ma-v-lindsay-clancy_ZJd1Lk4w-qo.wav: RIFF (little-endian) data, WAVE audio, Microsoft PCM, 16 bit, mono 16000 Hz"
3,https://www.youtube.com/watch?v=peYoD-JkAXE,peYoD-JkAXE,Dr. Jennifer Tufts — Psychiatrist | Full Testimony | MA v. Lindsay Clancy,COURT TV,20260814,21307,/Users/rajeshpmu/Desktop/LegalMemoCMT/data/phase2/clancy/corpus/raw/dr-jennifer-tufts-psychiatrist-full-testimony-ma-v-lindsay-clancy/dr-jennifer-tufts-psychiatrist-full-testimony-ma-v-lindsay-clancy_peYoD-JkAXE.mp4,/Users/rajeshpmu/Desktop/LegalMemoCMT/data/phase2/clancy/corpus/raw/dr-jennifer-tufts-psychiatrist-full-testimony-ma-v-lindsay-clancy/dr-jennifer-tufts-psychiatrist-full-testimony-ma-v-lindsay-clancy_peYoD-JkAXE.wav,/Users/rajeshpmu/Desktop/LegalMemoCMT/data/phase2/clancy/corpus/raw/dr-jennifer-tufts-psychiatrist-full-testimony-ma-v-lindsay-clancy/dr-jennifer-tufts-psychiatrist-full-testimony-ma-v-lindsay-clancy_peYoD-JkAXE.en.vtt,exists,exists,exists,YES,"video_verify=/Users/rajeshpmu/Desktop/LegalMemoCMT/data/phase2/clancy/corpus/raw/dr-jennifer-tufts-psychiatrist-full-testimony-ma-v-lindsay-clancy/dr-jennifer-tufts-psychiatrist-full-testimony-ma-v-lindsay-clancy_peYoD-JkAXE.mp4: ISO Media, MP4 Base Media v1 [ISO 14496-12:2003]; audio_verify=/Users/rajeshpmu/Desktop/LegalMemoCMT/data/phase2/clancy/corpus/raw/dr-jennifer-tufts-psychiatrist-full-testimony-ma-v-lindsay-clancy/dr-jennifer-tufts-psychiatrist-full-testimony-ma-v-lindsay-clancy_peYoD-JkAXE.wav: RIFF (little-endian) data, WAVE audio, Microsoft PCM, 16 bit, mono 16000 Hz"
4,https://www.youtube.com/watch?v=ma6ni-5zuW0,ma6ni-5zuW0,"Lindsay Clancy Trial: Lindsay's Mother Describes Her Daughter’s Anxiety, Insomnia & Depression |AB1E",DWS News,20260817,1061,/Users/rajeshpmu/Desktop/LegalMemoCMT/data/phase2/clancy/corpus/raw/lindsay-clancy-trial-lindsay-s-mother-describes-her-daughter-s-anxiety/lindsay-clancy-trial-lindsay-s-mother-describes-her-daughter-s-anxiety_ma6ni-5zuW0.mp4,/Users/rajeshpmu/Desktop/LegalMemoCMT/data/phase2/clancy/corpus/raw/lindsay-clancy-trial-lindsay-s-mother-describes-her-daughter-s-anxiety/lindsay-clancy-trial-lindsay-s-mother-describes-her-daughter-s-anxiety_ma6ni-5zuW0.wav,/Users/rajeshpmu/Desktop/LegalMemoCMT/data/phase2/clancy/corpus/raw/lindsay-clancy-trial-lindsay-s-mother-describes-her-daughter-s-anxiety/lindsay-clancy-trial-lindsay-s-mother-describes-her-daughter-s-anxiety_ma6ni-5zuW0.en.vtt,exists,exists,exists,YES,"video_verify=/Users/rajeshpmu/Desktop/LegalMemoCMT/data/phase2/clancy/corpus/raw/lindsay-clancy-trial-lindsay-s-mother-describes-her-daughter-s-anxiety/lindsay-clancy-trial-lindsay-s-mother-describes-her-daughter-s-anxiety_ma6ni-5zuW0.mp4: ISO Media, MP4 Base Media v1 [ISO 14496-12:2003]; audio_verify=/Users/rajeshpmu/Desktop/LegalMemoCMT/data/phase2/clancy/corpus/raw/lindsay-clancy-trial-lindsay-s-mother-describes-her-daughter-s-anxiety/lindsay-clancy-trial-lindsay-s-mother-describes-her-daughter-s-anxiety_ma6ni-5zuW0.wav: RIFF (little-endian) data, WAVE audio, Microsoft PCM, 16 bit, mono 16000 Hz"
5,https://www.youtube.com/watch?v=LGYerNiA8kI,LGYerNiA8kI,Clancy Children's Pediatrician Testifies About Seeing Lindsay Hours Before Killings,Meghann Cuniff,20260806,951,/Users/rajeshpmu/Desktop/LegalMemoCMT/data/phase2/clancy/corpus/raw/clancy-children-s-pediatrician-testifies-about-seeing-lindsay-hours-be/clancy-children-s-pediatrician-testifies-about-seeing-lindsay-hours-be_LGYerNiA8kI.mp4,/Users/rajeshpmu/Desktop/LegalMemoCMT/data/phase2/clancy/corpus/raw/clancy-children-s-pediatrician-testifies-about-seeing-lindsay-hours-be/clancy-children-s-pediatrician-testifies-about-seeing-lindsay-hours-be_LGYerNiA8kI.wav,/Users/rajeshpmu/Desktop/LegalMemoCMT/data/phase2/clancy/corpus/raw/clancy-children-s-pediatrician-testifies-about-seeing-lindsay-hours-be/clancy-children-s-pediatrician-testifies-about-seeing-lindsay-hours-be_LGYerNiA8kI.en.vtt,exists,exists,exists,YES,"video_verify=/Users/rajeshpmu/Desktop/LegalMemoCMT/data/phase2/clancy/corpus/raw/clancy-children-s-pediatrician-testifies-about-seeing-lindsay-hours-be/clancy-children-s-pediatrician-testifies-about-seeing-lindsay-hours-be_LGYerNiA8kI.mp4: ISO Media, MP4 Base Media v1 [ISO 14496-12:2003]; audio_verify=/Users/rajeshpmu/Desktop/LegalMemoCMT/data/phase2/clancy/corpus/raw/clancy-children-s-pediatrician-testifies-about-seeing-lindsay-hours-be/clancy-children-s-pediatrician-testifies-about-seeing-lindsay-hours-be_LGYerNiA8kI.wav: RIFF (little-endian) data, WAVE audio, Microsoft PCM, 16 bit, mono 16000 Hz"
6,https://www.youtube.com/live/93sfJyLzhqM,93sfJyLzhqM,LIVE: MA v. Lindsay Clancy - Day 8 | Accused Killer Mom Trial,COURT TV,20260806,24858,/Users/rajeshpmu/Desktop/LegalMemoCMT/data/phase2/clancy/corpus/raw/live-ma-v-lindsay-clancy-day-8-accused-killer-mom-trial/live-ma-v-lindsay-clancy-day-8-accused-killer-mom-trial_93sfJyLzhqM.mp4,/Users/rajeshpmu/Desktop/LegalMemoCMT/data/phase2/clancy/corpus/raw/live-ma-v-lindsay-clancy-day-8-accused-killer-mom-trial/live-ma-v-lindsay-clancy-day-8-accused-killer-mom-trial_93sfJyLzhqM.wav,/Users/rajeshpmu/Desktop/LegalMemoCMT/data/phase2/clancy/corpus/raw/live-ma-v-lindsay-clancy-day-8-accused-killer-mom-trial/live-ma-v-lindsay-clancy-day-8-accused-killer-mom-trial_93sfJyLzhqM.en.vtt,exists,exists,exists,YES,"video_verify=/Users/rajeshpmu/Desktop/LegalMemoCMT/data/phase2/clancy/corpus/raw/live-ma-v-lindsay-clancy-day-8-accused-killer-mom-trial/live-ma-v-lindsay-clancy-day-8-accused-killer-mom-trial_93sfJyLzhqM.mp4: ISO Media, MP4 Base Media v1 [ISO 14496-12:2003]; audio_verify=/Users/rajeshpmu/Desktop/LegalMemoCMT/data/phase2/clancy/corpus/raw/live-ma-v-lindsay-clancy-day-8-accused-killer-mom-trial/live-ma-v-lindsay-clancy-day-8-accused-killer-mom-trial_93sfJyLzhqM.wav: RIFF (little-endian) data, WAVE audio, Microsoft PCM, 16 bit, mono 16000 Hz"
7,https://www.youtube.com/live/D6skXbDJJj8,D6skXbDJJj8,LIVE: Lindsay Clancy Murder Trial — MA v. Lindsay Clancy — Day 8,Law&Crime Trials,20260806,24885,/Users/rajeshpmu/Desktop/LegalMemoCMT/data/phase2/clancy/corpus/raw/live-lindsay-clancy-murder-trial-ma-v-lindsay-clancy-day-8/live-lindsay-clancy-murder-trial-ma-v-lindsay-clancy-day-8_D6skXbDJJj8.mp4,/Users/rajeshpmu/Desktop/LegalMemoCMT/data/phase2/clancy/corpus/raw/live-lindsay-clancy-murder-trial-ma-v-lindsay-clancy-day-8/live-lindsay-clancy-murder-trial-ma-v-lindsay-clancy-day-8_D6skXbDJJj8.wav,/Users/rajeshpmu/Desktop/LegalMemoCMT/data/phase2/clancy/corpus/raw/live-lindsay-clancy-murder-trial-ma-v-lindsay-clancy-day-8/live-lindsay-clancy-murder-trial-ma-v-lindsay-clancy-day-8_D6skXbDJJj8.en.vtt,exists,exists,exists,YES,"video_verify=/Users/rajeshpmu/Desktop/LegalMemoCMT/data/phase2/clancy/corpus/raw/live-lindsay-clancy-murder-trial-ma-v-lindsay-clancy-day-8/live-lindsay-clancy-murder-trial-ma-v-lindsay-clancy-day-8_D6skXbDJJj8.mp4: ISO Media, MP4 Base Media v1 [ISO 14496-12:2003]; audio_verify=/Users/rajeshpmu/Desktop/LegalMemoCMT/data/phase2/clancy/corpus/raw/live-lindsay-clancy-murder-trial-ma-v-lindsay-clancy-day-8/live-lindsay-clancy-murder-trial-ma-v-lindsay-clancy-day-8_D6skXbDJJj8.wav: RIFF (little-endian) data, WAVE audio, Microsoft PCM, 16 bit, mono 16000 Hz"
8,https://www.youtube.com/live/DCBWoWhsTpA,DCBWoWhsTpA,LIVE: Lindsay Clancy trial Day 14,Associated Press,20260817,10991,/Users/rajeshpmu/Desktop/LegalMemoCMT/data/phase2/clancy/corpus/raw/live-lindsay-clancy-trial-day-14/live-lindsay-clancy-trial-day-14_DCBWoWhsTpA.mp4,/Users/rajeshpmu/Desktop/LegalMemoCMT/data/phase2/clancy/corpus/raw/live-lindsay-clancy-trial-day-14/live-lindsay-clancy-trial-day-14_DCBWoWhsTpA.wav,/Users/rajeshpmu/Desktop/LegalMemoCMT/data/phase2/clancy/corpus/raw/live-lindsay-clancy-trial-day-14/live-lindsay-clancy-trial-day-14_DCBWoWhsTpA.en.vtt,exists,exists,exists,YES,"video_verify=/Users/rajeshpmu/Desktop/LegalMemoCMT/data/phase2/clancy/corpus/raw/live-lindsay-clancy-trial-day-14/live-lindsay-clancy-trial-day-14_DCBWoWhsTpA.mp4: ISO Media, MP4 Base Media v1 [ISO 14496-12:2003]; audio_verify=/Users/rajeshpmu/Desktop/LegalMemoCMT/data/phase2/clancy/corpus/raw/live-lindsay-clancy-trial-day-14/live-lindsay-clancy-trial-day-14_DCBWoWhsTpA.wav: RIFF (little-endian) data, WAVE audio, Microsoft PCM, 16 bit, mono 16000 Hz"
9,https://www.youtube.com/live/1tyKO8mTdOM,1tyKO8mTdOM,LIVE: Lindsay Clancy trial Day 15,Associated Press,20260818,13375,/Users/rajeshpmu/Desktop/LegalMemoCMT/data/phase2/clancy/corpus/raw/live-lindsay-clancy-trial-day-15/live-lindsay-clancy-trial-day-15_1tyKO8mTdOM.mp4,/Users/rajeshpmu/Desktop/LegalMemoCMT/data/phase2/clancy/corpus/raw/live-lindsay-clancy-trial-day-15/live-lindsay-clancy-trial-day-15_1tyKO8mTdOM.wav,/Users/rajeshpmu/Desktop/LegalMemoCMT/data/phase2/clancy/corpus/raw/live-lindsay-clancy-trial-day-15/live-lindsay-clancy-trial-day-15_1tyKO8mTdOM.en.vtt,exists,exists,exists,YES,"video_verify=/Users/rajeshpmu/Desktop/LegalMemoCMT/data/phase2/clancy/corpus/raw/live-lindsay-clancy-trial-day-15/live-lindsay-clancy-trial-day-15_1tyKO8mTdOM.mp4: ISO Media, MP4 Base Media v1 [ISO 14496-12:2003]; audio_verify=/Users/rajeshpmu/Desktop/LegalMemoCMT/data/phase2/clancy/corpus/raw/live-lindsay-clancy-trial-day-15/live-lindsay-clancy-trial-day-15_1tyKO8mTdOM.wav: RIFF (little-endian) data, WAVE audio, Microsoft PCM, 16 bit, mono 16000 Hz"
10,https://www.youtube.com/watch?v=D5L_c9Mla1U,D5L_c9Mla1U,LIVE: Lindsay Clancy trial Day 16,Associated Press,20260819,10388,/Users/rajeshpmu/Desktop/LegalMemoCMT/data/phase2/clancy/corpus/raw/live-lindsay-clancy-trial-day-16/live-lindsay-clancy-trial-day-16_D5L_c9Mla1U.mp4,/Users/rajeshpmu/Desktop/LegalMemoCMT/data/phase2/clancy/corpus/raw/live-lindsay-clancy-trial-day-16/live-lindsay-clancy-trial-day-16_D5L_c9Mla1U.wav,/Users/rajeshpmu/Desktop/LegalMemoCMT/data/phase2/clancy/corpus/raw/live-lindsay-clancy-trial-day-16/live-lindsay-clancy-trial-day-16_D5L_c9Mla1U.en.vtt,exists,exists,exists,YES,"video_verify=/Users/rajeshpmu/Desktop/LegalMemoCMT/data/phase2/clancy/corpus/raw/live-lindsay-clancy-trial-day-16/live-lindsay-clancy-trial-day-16_D5L_c9Mla1U.mp4: ISO Media, MP4 Base Media v1 [ISO 14496-12:2003]; audio_verify=/Users/rajeshpmu/Desktop/LegalMemoCMT/data/phase2/clancy/corpus/raw/live-lindsay-clancy-trial-day-16/live-lindsay-clancy-trial-day-16_D5L_c9Mla1U.wav: RIFF (little-endian) data, WAVE audio, Microsoft PCM, 16 bit, mono 16000 Hz"
11,https://www.youtube.com/watch?v=VQQb9BbgwHg,VQQb9BbgwHg,LIVE: Lindsay Clancy trial Day 17,Associated Press,20260820,2762,/Users/rajeshpmu/Desktop/LegalMemoCMT/data/phase2/clancy/corpus/raw/live-lindsay-clancy-trial-day-17/live-lindsay-clancy-trial-day-17_VQQb9BbgwHg.mp4,/Users/rajeshpmu/Desktop/LegalMemoCMT/data/phase2/clancy/corpus/raw/live-lindsay-clancy-trial-day-17/live-lindsay-clancy-trial-day-17_VQQb9BbgwHg.wav,/Users/rajeshpmu/Desktop/LegalMemoCMT/data/phase2/clancy/corpus/raw/live-lindsay-clancy-trial-day-17/live-lindsay-clancy-trial-day-17_VQQb9BbgwHg.en.vtt,exists,exists,exists,YES,"video_verify=/Users/rajeshpmu/Desktop/LegalMemoCMT/data/phase2/clancy/corpus/raw/live-lindsay-clancy-trial-day-17/live-lindsay-clancy-trial-day-17_VQQb9BbgwHg.mp4: ISO Media, MP4 Base Media v1 [ISO 14496-12:2003]; audio_verify=/Users/rajeshpmu/Desktop/LegalMemoCMT/data/phase2/clancy/corpus/raw/live-lindsay-clancy-trial-day-17/live-lindsay-clancy-trial-day-17_VQQb9BbgwHg.wav: RIFF (little-endian) data, WAVE audio, Microsoft PCM, 16 bit, mono 16000 Hz"
